index,Country,1990,1995,2000,2005,2010,2011,2012,2013,2014,2015,Country_Code,2016,2017,1991
0,Afghanistan,15.9,35.1,54.2,40.9,14.8,11.5,14,16.3,19.3,18.4,AFG,0,0,0
1,Albania,25.5,50.6,41.4,36.9,37.1,36,40,41.3,38.7,38.6,ALB,0,0,0
2,Algeria,0.2,0.4,0.4,0.6,0.3,0.2,0.2,0.1,0.1,0.1,DZA,0,0,0
3,Andorra,14.3,14.5,14.9,16.9,19.1,19,19.2,19.6,19.9,19.7,AND,0,0,0
4,Angola,72.3,73.9,74.6,71,54.2,52.7,52.2,50.7,50.8,49.6,AGO,0,0,0
5,Antigua and Barbuda,0,0,0,0,0,0,0,0,0,0,ATG,0,0,0
6,Argentina,8.9,11.2,11.1,9,9,10.1,9.9,10.2,10.9,10,ARG,0,0,0
7,Armenia,2.1,9.3,7.2,6.5,9.4,8,6.6,6.8,7.7,15.8,ARM,0,0,0
8,Armenia,2.1,9.3,7.2,6.5,9.4,8,6.6,6.8,7.7,15.8,ARM,0,0,0
9,Armenia,2.1,9.3,7.2,6.5,9.4,8,6.6,6.8,7.7,15.8,ARM,0,0,0
10,Armenia,2.1,9.3,7.2,6.5,9.4,8,6.6,6.8,7.7,15.8,ARM,0,0,0
11,Australia,8,8.2,8.4,6.7,8.1,8.3,8.2,9.1,9.3,9.2,AUS,0,0,0
12,Austria,25.1,25.6,26.4,24.2,30.7,31,33.4,34.7,35.4,34.4,AUT,0,0,0
13,Azerbaijan,0.7,1.4,2.1,3.4,4.5,3.6,2.8,2.5,2.1,2.3,AZE,0,0,0
14,Azerbaijan,0.7,1.4,2.1,3.4,4.5,3.6,2.8,2.5,2.1,2.3,AZE,0,0,0
15,Azerbaijan,0.7,1.4,2.1,3.4,4.5,3.6,2.8,2.5,2.1,2.3,AZE,0,0,0
16,Azerbaijan,0.7,1.4,2.1,3.4,4.5,3.6,2.8,2.5,2.1,2.3,AZE,0,0,0
17,Bahamas,0,0,0,1.8,1.7,1.4,1.2,0.8,1.1,1.2,BHS,0,0,0
18,Bahrain,0,0,0,0,0,0,0,0,0,0,BHR,0,0,0
19,Bangladesh,71.7,63.8,59,50.8,41.1,39.4,38.6,38.8,37.6,34.7,BGD,0,0,0
20,Barbados,18.9,16,13.6,9.9,9,4.6,4.1,3.4,3.2,2.8,BRB,0,0,0
21,Belarus,0.8,2.5,5,6.2,7,7.4,7.2,7,6.6,6.8,BLR,0,0,0
22,Belgium,1.3,1.3,1.4,2.5,5.8,6.6,7.8,8.1,9.1,9.2,BEL,0,0,0
23,Belize,38,34.9,34.6,31,33.7,31,37.1,34.7,36.9,35,BLZ,0,0,0
24,Benin,93.7,94.8,70.3,59.2,48.1,49.5,51.1,52.7,52.5,50.9,BEN,0,0,0
25,Bhutan,95.9,94.4,91.4,91.7,90.9,89.6,88,87,87,86.9,BTN,0,0,0
26,Bolivia (Plurinational State of),37.4,33.5,27.4,23.5,20.1,19.3,17.9,18.6,16.8,17.5,BOL,0,0,0
27,Bosnia and Herzegovina,7.3,33.2,19.4,19.7,19.6,14.2,15.3,19.5,41.7,40.8,BIH,0,0,0
28,Botswana,47.6,47.2,36.6,30.8,30.2,30,29.7,29.2,28.8,28.9,BWA,0,0,0
29,Brazil,49.9,46.1,42.8,46.3,47,45.5,43.6,42.4,41.8,43.8,BRA,0,0,0
30,Brunei Darussalam,0.7,0,0,0,0,0,0,0,0,0,BRN,0,0,0
31,Bulgaria,1.9,3.1,8,9.9,14.4,13.3,15.8,18.2,17,17.6,BGR,0,0,0
32,Burkina Faso,93.2,93.1,85.4,86.5,81.5,80.6,77.2,75.4,75.2,74.2,BFA,0,0,0
33,Burundi,95.2,95.1,93.2,97.3,96.8,96.6,94,94.1,94.6,95.7,BDI,0,0,0
34,Cabo Verde,36.6,39.1,29,26.6,21.7,21.6,24.4,26.1,26.2,26.6,CPV,0,0,0
35,Cambodia,0,82.5,81.1,76.1,68.5,68.2,68.3,69,68,64.9,KHM,0,0,0
36,Cameroon,81.6,84.5,84.5,86.2,78.6,78.4,78,77.6,77,76.5,CMR,0,0,0
37,Canada,22,21.9,21.5,22.2,22.1,22,22.6,22.4,22,22,CAN,0,0,0
38,Central African Republic,93.5,93,85.1,85.7,79.8,78.8,78,77.1,76.9,76.6,CAF,0,0,0
39,Chad,98.2,98.1,97.2,91.7,90.8,90.6,90.7,89.5,89.2,89.4,TCD,0,0,0
40,Chile,34,34.2,31.4,32.3,27,28.8,30.3,30.2,26.7,24.9,CHL,0,0,0
41,China,34.1,29.5,29.7,18.2,12.9,11.7,12,11.8,12.2,12.4,CHN,0,0,0
42,Colombia,38.3,33.7,28,28.7,27.9,26.8,26.6,24.5,24.4,23.6,COL,0,0,0
43,Comoros,49.8,59.5,48.3,44.3,46.4,47.8,48,44.1,46.6,45.3,COM,0,0,0
44,Congo,65.4,69.8,64.9,63.5,55.1,64.9,65.5,62.7,62.4,62.4,COG,0,0,0
45,Congo,65.4,69.8,64.9,63.5,55.1,64.9,65.5,62.7,62.4,62.4,COD,0,0,0
46,Congo,65.4,69.8,64.9,63.5,55.1,64.9,65.5,62.7,62.4,62.4,COD,0,0,0
47,Congo (Democratic Republic of the),92,96.9,97.9,97.4,96.8,96.2,95.5,94,92.9,95.8,COD,0,0,0
48,Congo (Democratic Republic of the),92,96.9,97.9,97.4,96.8,96.2,95.5,94,92.9,95.8,COD,0,0,0
49,Costa Rica,45.4,35,32.9,42.1,42.3,40.5,38.6,38.1,37.8,38.7,CRI,0,0,0
50,Croatia,21.9,30.4,26.8,26.8,29.8,27.2,29.4,32.8,33.6,33.1,HRV,0,0,0
51,Cuba,42.9,41.3,34.4,26.3,13.2,16.7,17.1,16.9,18.8,19.3,CUB,0,0,0
52,Cyprus,0.5,3.4,3.1,3.4,6.4,7.4,8.3,9.5,9.4,9.9,CYP,0,0,0
53,Cyprus,0.5,3.4,3.1,3.4,6.4,7.4,8.3,9.5,9.4,9.9,CYP,0,0,0
54,Cyprus,0.5,3.4,3.1,3.4,6.4,7.4,8.3,9.5,9.4,9.9,CYP,0,0,0
55,Cyprus,0.5,3.4,3.1,3.4,6.4,7.4,8.3,9.5,9.4,9.9,CYP,0,0,0
56,Czechia,3.6,5.3,5.9,7.5,10.9,12.1,12.8,13.9,14.8,14.8,CZE,0,0,0
57,Côte d'Ivoire,73.6,74.9,63.7,78.1,75.4,78.9,74.9,72.6,72.2,64.5,CIV,0,0,0
58,Denmark,7,7.5,10.7,16.1,21.4,23.9,27.3,27.3,30.3,33.2,DNK,0,0,0
59,Djibouti,26.6,31.2,31.4,33.1,34.4,34.4,34.1,34,34.2,15.4,DJI,0,0,0
60,Dominica,14.6,15.6,11,9.6,8.9,11.5,9.7,9.9,8.6,7.8,DMA,0,0,0
61,Dominican Republic,28,22.3,18.4,19.3,17,17.2,17,17.5,18,16.5,DOM,0,0,0
62,Dominican Republic,28,22.3,18.4,19.3,17,17.2,17,17.5,18,16.5,DOM,0,0,0
63,Dominican Republic,28,22.3,18.4,19.3,17,17.2,17,17.5,18,16.5,DOM,0,0,0
64,Ecuador,24.2,20.4,20,12.2,12.1,13.3,13.1,12.7,12.2,13.8,ECU,0,0,0
65,Egypt,8.5,9,8.1,6.5,5.7,5.6,5.6,5.7,5.9,5.7,EGY,0,0,0
66,El Salvador,67.1,54.7,50.9,47.2,30.8,30.3,27.3,28.2,28.3,24.4,SLV,0,0,0
67,Equatorial Guinea,84.7,82.5,52.6,7.9,6,5.6,5.4,6,7.6,7.8,GNQ,0,0,0
68,Eritrea,0,77.9,76.8,74.9,81.2,80.8,80.2,80.2,79.9,79.8,ERI,0,0,0
69,Estonia,3.4,12.3,19.8,18.9,25.1,25,24.9,24.5,25.3,27.5,EST,0,0,0
70,Eswatini (Kingdom of),85.2,72.8,48.2,49.7,62.7,61.3,62.5,66.7,67.7,66.1,SWZ,0,0,0
71,Ethiopia,96.6,96.6,96,95.1,94.5,94,93.8,93,92.1,92.2,GNB,0,0,0
72,Ethiopia,96.6,96.6,96,95.1,94.5,94,93.8,93,92.1,92.2,GNB,0,0,0
73,Ethiopia,96.6,96.6,96,95.1,94.5,94,93.8,93,92.1,92.2,GNB,0,0,0
74,Fiji,53.1,60.1,52.9,43.6,29.6,33.9,32.8,36.4,34.6,31.3,HKG,0,0,0
75,Fiji,53.1,60.1,52.9,43.6,29.6,33.9,32.8,36.4,34.6,31.3,HKG,0,0,0
76,Finland,24.5,27.3,31.7,31.5,33.6,35.3,38.8,38.5,41.2,43.2,IRN,0,0,0
77,Finland,24.5,27.3,31.7,31.5,33.6,35.3,38.8,38.5,41.2,43.2,IRN,0,0,0
78,France,10.4,10.7,9.3,8.6,11.8,10.9,12.4,13.5,13.3,13.5,IRQ,0,0,0
79,France,10.4,10.7,9.3,8.6,11.8,10.9,12.4,13.5,13.3,13.5,IRQ,0,0,0
80,France,10.4,10.7,9.3,8.6,11.8,10.9,12.4,13.5,13.3,13.5,IRQ,0,0,0
81,Gabon,78.3,71.9,72.8,85.2,85.9,79.8,75.5,82.2,81.4,82,GAB,0,0,0
82,Gambia,61.4,59.6,63.1,60,54.7,54.2,54.2,56.6,51.9,51.5,GMB,0,0,0
83,Georgia,12.8,46.4,47.3,41.5,39.1,31.5,28.7,35,31.9,28.7,GEO,0,0,0
84,Georgia,12.8,46.4,47.3,41.5,39.1,31.5,28.7,35,31.9,28.7,GEO,0,0,0
85,Georgia,12.8,46.4,47.3,41.5,39.1,31.5,28.7,35,31.9,28.7,GEO,0,0,0
86,Georgia,12.8,46.4,47.3,41.5,39.1,31.5,28.7,35,31.9,28.7,GEO,0,0,0
87,Germany,2.1,2.3,3.7,6.8,10.3,11.4,12,12.1,13.4,14.2,DEU,0,0,0
88,Ghana,80.6,79.8,71.6,61.4,49.8,48,44.5,44,45,41.4,GHA,0,0,0
89,Greece,7.8,8.3,7.5,7.7,11.1,11.1,13.9,16.3,16.1,17.2,GRC,0,0,0
90,Grenada,8.3,7.4,10.5,10.5,10.5,11.2,11.3,10.9,11.1,10.9,GRD,0,0,0
91,Guatemala,75,65.1,62.7,57.3,66.6,66.4,66.2,65,59.9,63.7,GTM,0,0,0
92,Guinea,89.3,89.9,85.6,81.6,75.7,74.7,76.4,78.5,78.5,76.3,GIN,0,0,0
93,Guinea,89.3,89.9,85.6,81.6,75.7,74.7,76.4,78.5,78.5,76.3,GNB,0,0,0
94,Guinea,89.3,89.9,85.6,81.6,75.7,74.7,76.4,78.5,78.5,76.3,GNB,0,0,0
95,Guinea,89.3,89.9,85.6,81.6,75.7,74.7,76.4,78.5,78.5,76.3,GNB,0,0,0
96,Guinea-Bissau,88.6,88.6,91.2,88.5,87.8,87.7,87.6,87.4,87.1,86.9,GNB,0,0,0
97,Guinea-Bissau,88.6,88.6,91.2,88.5,87.8,87.7,87.6,87.4,87.1,86.9,GNB,0,0,0
98,Guinea-Bissau,88.6,88.6,91.2,88.5,87.8,87.7,87.6,87.4,87.1,86.9,GNB,0,0,0
99,Guyana,42.2,38.4,39.5,43.4,33.8,36.3,28.3,26.3,24,25.3,GUY,0,0,0
100,Haiti,81.1,81.3,76,76.9,79,79,83.2,82.3,78.4,76.1,HTI,0,0,0
101,Honduras,70.1,63,55.1,49.8,53.2,52,48.8,49.8,54,51.5,HND,0,0,0
103,Hungary,3.9,5.4,5.2,4.7,13.5,14.7,16.5,17.2,15.7,15.6,HUN,0,0,0
104,Iceland,54.7,55.7,60.7,62.5,75.4,76.5,77.3,76.2,76.3,77,ISL,0,0,0
105,India,58.7,54.5,51.6,48.6,39.5,38.9,38.4,37.9,36.7,36,IND,0,0,0
106,Indonesia,58.6,50.1,45.6,41.4,37.8,38.2,38.2,38.1,37.5,36.9,IDN,0,0,0
107,Iran (Islamic Republic of),1.2,1,0.4,1.4,0.9,0.9,0.9,1,0.9,0.9,IRN,0,0,0
108,Iran (Islamic Republic of),1.2,1,0.4,1.4,0.9,0.9,0.9,1,0.9,0.9,IRN,0,0,0
109,Iraq,1.6,0.4,0.4,2.3,1.7,1.1,1.3,1.4,0.9,0.8,IRQ,0,0,0
110,Iraq,1.6,0.4,0.4,2.3,1.7,1.1,1.3,1.4,0.9,0.8,IRQ,0,0,0
111,Iraq,1.6,0.4,0.4,2.3,1.7,1.1,1.3,1.4,0.9,0.8,IRQ,0,0,0
112,Iraq,1.6,0.4,0.4,2.3,1.7,1.1,1.3,1.4,0.9,0.8,IRQ,0,0,0
113,Iraq,1.6,0.4,0.4,2.3,1.7,1.1,1.3,1.4,0.9,0.8,IRQ,0,0,0
114,Iraq,1.6,0.4,0.4,2.3,1.7,1.1,1.3,1.4,0.9,0.8,IRQ,0,0,0
115,Ireland,2.3,1.9,2,2.9,5.3,6.7,6.6,7.4,8.5,9.1,IRL,0,0,0
116,Israel,5.8,5.4,6,7,8.5,9,2.7,3.3,3.7,3.7,ISR,0,0,0
117,Italy,3.8,4.5,5.1,6.7,12.8,11.9,14.4,16.3,17.1,16.5,ITA,0,0,0
118,Jamaica,7.6,10.8,11.9,11.3,13.7,13.9,17,15.8,16.1,16.8,JAM,0,0,0
119,Japan,4.6,3.9,3.9,3.7,4.6,4.7,4.5,4.9,5.6,6.3,JPN,0,0,0
120,Jordan,2.8,2.2,2.1,1.7,3,3,2.9,3.2,3.1,3.2,JOR,0,0,0
121,Kazakhstan,1.4,1.6,2.5,2.1,1.4,1.4,1.3,1.2,1.3,1.6,KAZ,0,0,0
122,Kazakhstan,1.4,1.6,2.5,2.1,1.4,1.4,1.3,1.2,1.3,1.6,KAZ,0,0,0
123,Kazakhstan,1.4,1.6,2.5,2.1,1.4,1.4,1.3,1.2,1.3,1.6,KAZ,0,0,0
124,Kazakhstan,1.4,1.6,2.5,2.1,1.4,1.4,1.3,1.2,1.3,1.6,KAZ,0,0,0
125,Kenya,77.5,79.5,79,81.2,76.3,77.1,78.5,77.1,75.5,72.7,KEN,0,0,0
126,Kiribati,5.2,4.3,4.8,2.8,3.5,3.6,3.3,3,3.5,4.3,KIR,0,0,0
127,Korea (Democratic People's Rep. of),7.2,9.6,8.7,9.2,13.5,18.1,17.7,23.8,21,23.1,PRK,0,0,0
128,Korea (Republic of),1.6,0.4,0.7,0.9,1.3,1.3,1.6,1.9,2.8,2.7,KOR,0,0,0
129,Kuwait,0.2,0.1,0,0,0,0,0,0,0,0,KWT,0,0,0
130,Kyrgyzstan,7.9,35,35.2,28,25.6,26,22.5,24.6,26.6,23.3,KGZ,0,0,0
131,Lao People's Democratic Republic,88.4,86,85.5,77.2,71.5,66.3,63.3,60.7,60.5,59.3,LAO,0,0,0
132,Latvia,17.6,32.4,35.8,36.3,33.1,35.5,40.4,39.6,40.2,38.1,LVA,0,0,0
133,Lebanon,11.3,4.5,4.9,6.9,5.2,5.2,4.9,5.7,3.2,3.6,LBN,0,0,0
134,Lesotho,52,50.8,56.7,55.3,53.4,53.1,52.4,52.3,51.4,52.1,LSO,0,0,0
135,Liberia,88.8,86.6,90.8,88.2,89.2,87.4,85.2,87,83.9,83.8,LBR,0,0,0
136,Libya,3.1,2.2,2,1.8,1.6,2.2,1.9,1.7,1.8,2,LBY,0,0,0
137,Liechtenstein,0,0,0,0,58.7,61.4,61.9,60.5,62.6,63.1,LIE,0,0,0
138,Lithuania,3.1,10.3,17.2,17.5,21.5,22.7,23.9,26.3,27.7,29,LTU,0,0,0
139,Luxembourg,1.7,4,6.9,1.9,3.7,3.7,4.1,5.7,6.9,9,LUX,0,0,0
140,Madagascar,85.6,82.9,78.4,80.5,81.9,78.8,76.4,72.7,72,70.2,MDG,0,0,0
141,Malawi,84,81.7,82.5,83.8,79.5,79.7,80.4,79.9,80,83.6,MWI,0,0,0
142,Malaysia,12,9,6.7,4.9,3.8,4.1,4.4,4.5,4.8,5.2,MYS,0,0,0
143,Maldives,4.5,3.3,2.1,1.8,1.2,1.1,1,1,0.9,1,MDV,0,0,0
144,Mali,88.6,88.1,85.4,85.8,69.1,66.6,64.9,62.4,64.6,61.5,MLI,0,0,0
145,Malta,0,0,0,0.2,1.4,2,2.6,2.6,3.9,5.4,MLT,0,0,0
146,Marshall Islands,0,19.4,19.6,18.4,13.3,12.1,12,12.1,12,11.2,MHL,0,0,0
147,Mauritania,47,45.2,44.4,38.8,34,33.3,31.8,34.2,32,32.2,MRT,0,0,0
148,Mauritius,47.1,38.8,20.4,17.7,13.7,12.1,11.6,11.4,10.6,11.5,MUS,0,0,0
149,Mexico,14.4,13.3,12.2,10.3,9.4,9.1,9,9.2,9.8,9.2,MEX,0,0,0
150,Micronesia (Federated States of),0,1.4,1.2,1.1,1.5,1.4,1.3,1.2,1.2,1.2,FSM,0,0,0
151,Moldova (Republic of),1.1,2.8,5.7,4.3,8.4,9.9,10.5,13.1,13,14.3,MDA,0,0,0
152,Mongolia,1.9,3,5.7,5.3,4.3,3.9,2.8,2.9,3.3,3.4,MNG,0,0,0
153,Montenegro,0,0,0,47.6,49.1,42.8,45.9,49.4,46,43,MNE,0,0,0
154,Morocco,19.5,17.2,15.3,20.7,14.4,12.4,11.4,12.1,11.7,11.3,MAR,0,0,0
155,Mozambique,93.1,92.8,93.6,93.6,91.3,90.5,90.8,90.3,88.9,86.4,MOZ,0,0,0
156,Myanmar,90.9,85.2,80.2,79.6,84.4,83.9,77.9,74.1,66.1,61.5,MMR,0,0,0
157,Namibia,0,33.7,33.5,32.1,26.4,27.9,28.6,28.3,27.6,26.5,NAM,0,0,0
158,Nauru,0,0,0,0,0.1,0.1,0.1,0.1,0.1,0.1,NRU,0,0,0
159,Nepal,95.1,91.7,88.3,89.5,87.3,86.9,84.7,86.3,84.4,85.3,NPL,0,0,0
160,Netherlands,1.2,1.3,1.8,2.8,3.9,4.7,5,5,5.7,5.9,NLD,0,0,0
161,New Zealand,30,30.6,29,29.3,31.3,32.1,30.5,30,30.3,30.8,NZL,0,0,0
162,Nicaragua,68.8,64.5,58.4,53.9,52.6,51.7,52.1,52.6,51.8,48.2,NIC,0,0,0
163,Niger,0,0,87.7,87.6,80.7,77.3,72.7,78.7,78.1,78.9,NER,0,0,0
164,Nigeria,87.8,88,86.2,84.1,86.8,86.2,86.4,86.8,87.3,86.6,NGA,0,0,0
165,Norway,59.2,60,60.2,58.6,56.4,56.5,58.3,57.7,57.2,57.8,NOR,0,0,0
166,Oman,0,0,0,0,0,0,0,0,0,0,OMN,0,0,0
167,Pakistan,57.5,53.1,51,47.5,46.7,46.1,46.5,47.5,46.6,46.5,PAK,0,0,0
168,Palau,0,0,0,0,0,0,0,0,0,0,PLW,0,0,0
170,Panama,43.6,35.3,34.4,27,19.9,19.1,20.6,20.3,19.8,21.2,PAN,0,0,0
171,Papua New Guinea,71.7,70.7,66.4,58.6,55.3,54.7,55.5,54,52.6,52.5,PNG,0,0,0
172,Paraguay,78.5,70.2,70.4,68.8,64.2,63.1,62.7,63.1,63.1,61.7,PRY,0,0,0
173,Peru,39.4,33.3,32.2,32.7,30.8,29.5,28.3,26,26,25.5,PER,0,0,0
174,Philippines,50.9,38.9,34.8,31.4,28.8,29.4,30.2,29.3,28.6,27.5,PHL,0,0,0
175,Poland,2.5,6.3,6.9,7.2,9.5,10.4,10.9,11.4,11.6,11.9,POL,0,0,0
176,Portugal,26.9,23.7,20.1,18.1,27.8,27.2,25.5,30.2,30.5,27.2,PRT,0,0,0
177,Qatar,0,0,0,0,0,0,0,0,0,0,QAT,0,0,0
178,Romania,3.4,8.6,16.4,18.5,24.1,21.1,21.6,23.1,24.3,23.7,ROU,0,0,0
179,Russian Federation,3.8,3.9,3.5,3.6,3.3,3.2,3.4,3.7,3.4,3.3,RUS,0,0,0
180,Russian Federation,3.8,3.9,3.5,3.6,3.3,3.2,3.4,3.7,3.4,3.3,RUS,0,0,0
181,Russian Federation,3.8,3.9,3.5,3.6,3.3,3.2,3.4,3.7,3.4,3.3,RUS,0,0,0
182,Russian Federation,3.8,3.9,3.5,3.6,3.3,3.2,3.4,3.7,3.4,3.3,RUS,0,0,0
183,Rwanda,80.1,88.4,86.7,89.2,90.7,89.6,88.8,88.5,88.2,86.7,RWA,0,0,0
184,Saint Kitts and Nevis,40,36.7,26.6,25.6,1,0.9,1.3,1.5,1.7,1.6,KNA,0,0,0
185,Saint Lucia,5.5,3.1,2.6,2.5,2.2,2.2,2.2,2.2,2.1,2.1,LCA,0,0,0
186,Saint Vincent and the Grenadines,15.4,9.1,8.5,5.8,5.5,6.5,5.2,6,5.8,5.8,VCT,0,0,0
187,Samoa,46.2,45.2,45.4,45.1,46.8,39.8,40.1,42.3,42.3,34.3,WSM,0,0,0
188,Sao Tome and Principe,50.9,53.9,54.7,47.9,43.8,43.1,41.2,41.4,41.8,41.1,STP,0,0,0
189,Saudi Arabia,0,0,0,0,0,0,0,0,0,0,SAU,0,0,0
190,Senegal,55.6,53.2,47.5,41.2,50.3,48.7,50.4,43.6,43.4,42.7,SEN,0,0,0
191,Serbia,15.5,25,23.6,16.4,20.6,17.6,19.6,20.2,23.4,21.2,SRB,0,0,0
192,Seychelles,4.2,3,0.6,0.4,0.6,1,0.6,1.3,1.3,1.4,SYC,0,0,0
193,Sierra Leone,91.3,90.2,89.3,87.3,84.2,80.3,78.4,75.2,73.1,77.7,SLE,0,0,0
194,Singapore,0.2,0.5,0.3,0.5,0.5,0.5,0.5,0.6,0.6,0.7,SGP,0,0,0
195,Slovakia,2.2,4.2,3.7,6.3,10.3,10.4,10.5,10.7,12.2,13.4,SVK,0,0,0
196,Slovenia,12.4,11.5,15.9,14.6,19.5,18.6,19.7,22,22.3,20.9,SVN,0,0,0
197,Solomon Islands,59,60,66.9,67.1,63.5,63.7,63.5,63.4,63,63.3,SLB,0,0,0
198,Somalia,87.2,90.6,93.3,93.3,93.6,93.7,93.9,94.2,94.4,94.3,SOM,0,0,0
199,South Africa,16.6,18.1,18.5,16.2,17.1,17,16.6,16.1,16.6,17.1,ZAF,0,0,0
200,South Sudan,0,0,0,0,0,0,30.2,29.7,29.8,39.1,SSD,0,0,0
201,Spain,10.5,8.3,7.9,7.3,14.4,14.7,15.8,16.9,17.4,16.3,ESP,0,0,0
202,Sri Lanka,78.1,69.9,64.2,60.1,61.8,59.2,60.7,59.9,57.6,52.9,LKA,0,0,0
203,Sudan,73.3,81.5,80.4,72.4,61.4,64,59.8,61.3,62.4,61.6,SDN,0,0,0
204,Suriname,0,0,26.5,22.1,24.5,25.4,23,26,25.4,24.9,SUR,0,0,0
205,Sweden,34.1,33.9,40,40,46,46.5,49.9,48.8,49.7,53.2,SWE,0,0,0
206,Switzerland,17.1,18.1,18.6,19.3,21.5,21.6,23,23,23.4,25.3,CHE,0,0,0
207,Syrian Arab Republic,2.4,1.8,2,2.1,1.4,1.9,2.5,2.9,2.4,0.5,SYR,0,0,0
208,Tajikistan,29.6,60.6,62.4,63.7,61.8,60,55.1,57.9,45.8,44.7,TJK,0,0,0
209,Tanzania (United Republic of),94.8,93.4,93.7,91,90.3,88.5,86.4,86.6,86.7,85.7,TZA,0,0,0
210,Thailand,33.6,22.7,22,20.3,22.7,22.8,23.3,22.9,24.1,22.9,THA,0,0,0
212,Timor-Leste,0,0,0,43.6,34.7,32.7,25.5,21.5,18.4,18.2,TLS,0,0,0
213,Togo,78.7,81.5,77.1,77.2,65.8,69.2,72.7,72.4,72.2,71.3,TGO,0,0,0
214,Tonga,1.5,1.2,2.5,2.2,1,1.1,1.1,1.6,1.7,1.9,TON,0,0,0
215,Trinidad and Tobago,1.2,1.2,0.8,0.5,0.3,0.4,0.3,0.3,0.3,0.3,TTO,0,0,0
216,Tunisia,14.5,14.4,14.2,14.2,12.7,13.3,13.1,13.2,12.9,12.6,TUN,0,0,0
217,Turkey,24.5,22.1,17.3,15.3,14.3,12.8,12.8,13.8,11.6,13.4,TUR,0,0,0
218,Turkey,24.5,22.1,17.3,15.3,14.3,12.8,12.8,13.8,11.6,13.4,TUR,0,0,0
219,Turkey,24.5,22.1,17.3,15.3,14.3,12.8,12.8,13.8,11.6,13.4,TUR,0,0,0
220,Turkey,24.5,22.1,17.3,15.3,14.3,12.8,12.8,13.8,11.6,13.4,TUR,0,0,0
221,Turkmenistan,0.3,0,0.1,0.1,0.1,0.1,0,0,0,0,TKM,0,0,0
222,Tuvalu,0,0,0,0,0,0,0,0,0,0,TUV,0,0,0
223,Uganda,96,96,93.9,92.8,91.6,91.1,91.3,90.8,90.2,89.1,UGA,0,0,0
224,Ukraine,0.7,1,1.3,1.3,2.9,2.7,2.9,3.5,3.5,4.1,UKR,0,0,0
225,United Arab Emirates,0,0.1,0.1,0.1,0.1,0.1,0.1,0.1,0.1,0.1,ARE,0,0,0
226,United Kingdom,0.7,1.1,1,1.4,3.6,4.4,4.8,6,7.4,8.7,GBR,0,0,0
227,United States,4.2,4.7,5.4,5.8,7.5,8.2,8.5,8.7,8.8,8.7,USA,0,0,0
228,Uruguay,44.8,41.1,38.8,39.9,52.8,48.8,46.9,50.7,55.4,58,URY,0,0,0
229,Uzbekistan,1.3,1.5,1.2,1.9,2.6,2.2,2.4,2.9,2.9,3,UZB,0,0,0
230,Vanuatu,24.2,27.2,48.7,64.3,38.4,36.6,40.3,42.6,32.1,36.1,VUT,0,0,0
231,Venezuela (Bolivarian Republic of),12,13.1,14.7,13.5,11.4,13.5,12.2,14.4,12.3,12.8,VEN,0,0,0
232,Viet Nam,76.1,65.1,58,44.4,34.8,36.5,38.1,37.4,37,35,VNM,0,0,0
233,Yemen,2.1,1.5,1.2,0.9,1,1.1,1.3,0.9,1,2.3,YEM,0,0,0
234,Zambia,83,87.1,90,89,92.1,90.9,88.6,88.5,88,88,ZMB,0,0,0
235,Zimbabwe,64,67.1,69.3,80.2,82.9,79.6,78,79.6,81,81.8,ZWE,0,0,0
236,Monaco,0,0,0,0,0,0,0,0,0,0,MCO,0,0,0
237,San Marino,0,0,0,0,0,0,0,0,0,0,SMR,0,0,0
0,Afghanistan,0,0,0,0.488,0.566,0.581,0.595,0.602,0.608,0.614,AFG,0.621,0.625,0
1,Albania,0,0.934,0.932,0.94,0.958,0.955,0.964,0.961,0.96,0.968,ALB,0.969,0.97,0
2,Algeria,0,0,0.785,0.807,0.835,0.838,0.841,0.844,0.841,0.859,DZA,0.86,0.861,0
3,Argentina,0,0.984,0.983,0.996,0.995,1,0.998,0.998,0.996,0.999,ARG,0.998,0.997,0
4,Armenia,0,0.962,0.937,0.963,0.958,0.965,0.967,0.971,0.971,0.974,ARM,0.968,0.969,0
5,Armenia,0,0.962,0.937,0.963,0.958,0.965,0.967,0.971,0.971,0.974,ARM,0.968,0.969,0
6,Armenia,0,0.962,0.937,0.963,0.958,0.965,0.967,0.971,0.971,0.974,ARM,0.968,0.969,0
7,Armenia,0,0.962,0.937,0.963,0.958,0.965,0.967,0.971,0.971,0.974,ARM,0.968,0.969,0
8,Australia,0,0.963,0.961,0.964,0.97,0.97,0.975,0.975,0.975,0.975,AUS,0.975,0.975,0
9,Austria,0,0.936,0.933,0.936,0.969,0.96,0.961,0.962,0.971,0.972,AUT,0.971,0.971,0
10,Azerbaijan,0,0.967,0.951,0.929,0.954,0.947,0.942,0.952,0.955,0.954,AZE,0.949,0.949,0
11,Azerbaijan,0,0.967,0.951,0.929,0.954,0.947,0.942,0.952,0.955,0.954,AZE,0.949,0.949,0
12,Azerbaijan,0,0.967,0.951,0.929,0.954,0.947,0.942,0.952,0.955,0.954,AZE,0.949,0.949,0
13,Azerbaijan,0,0.967,0.951,0.929,0.954,0.947,0.942,0.952,0.955,0.954,AZE,0.949,0.949,0
14,Bahamas,0,0,0.999,0,0,0,0,0,0,0,BHS,0,0,0
15,Bahrain,0,0.923,0.932,0.952,0.973,0.981,0.951,0.949,0.945,0.937,BHR,0.932,0.931,0
16,Bangladesh,0,0.698,0.753,0.791,0.843,0.835,0.843,0.865,0.876,0.879,BGD,0.882,0.881,0
17,Barbados,0,0.974,0.994,1,1.015,1.02,1.024,1.022,1.02,1.016,BRB,1.015,1.015,0
18,Belarus,0,1.007,1.015,1.024,1.028,1.027,1.026,1.025,1.025,1.024,BLR,1.02,1.02,0
19,Belgium,0,0.967,0.972,0.967,0.97,0.97,0.97,0.971,0.971,0.97,BEL,0.971,0.971,0
20,Belize,0,0,0.928,0.94,0.957,0.961,0.974,0.973,0.972,0.973,BLZ,0.978,0.979,0
21,Benin,0,0.725,0.747,0.789,0.832,0.837,0.846,0.855,0.86,0.882,BEN,0.887,0.875,0
22,Bhutan,0,0,0,0,0.9,0.902,0.908,0.892,0.886,0.889,BTN,0.89,0.893,0
23,Bolivia (Plurinational State of),0,0,0,0.916,0.917,0.921,0.921,0.922,0.926,0.925,BOL,0.922,0.929,0
24,Bosnia and Herzegovina,0,0,0,0.922,0.928,0.93,0.916,0.914,0.912,0.913,BIH,0.923,0.924,0
25,Botswana,0,0.977,0.961,0.945,0.975,0.985,0.987,0.99,0.992,0.979,BWA,0.979,0.976,0
26,Brazil,0,0,0.987,1.004,1.001,1.008,1.014,1.003,1.008,1.018,BRA,0.994,0.992,0
27,Brunei Darussalam,0,0.962,0.971,0.972,0.978,0.983,0.987,0.99,0.99,0.993,BRN,0.991,0.991,0
28,Bulgaria,0,0.991,0.974,0.975,0.991,0.991,0.991,0.991,0.991,0.991,BGR,0.99,0.99,0
29,Burkina Faso,0,0,0,0.787,0.829,0.835,0.844,0.853,0.86,0.865,BFA,0.869,0.87,0
30,Burundi,0,0.832,0.836,0.849,0.907,0.98,0.986,0.989,0.993,0.999,BDI,1,1.002,0
31,Cabo Verde,0,0,0,0,0,0,0,0,0,0.946,CPV,0.948,0.949,0
32,Cambodia,0,0.835,0.85,0.874,0.901,0.902,0.907,0.909,0.912,0.912,KHM,0.914,0.914,0
33,Cameroon,0,0,0.834,0.833,0.852,0.854,0.86,0.862,0.864,0.865,CMR,0.865,0.866,0
34,Canada,0,0.974,0.976,0.98,0.982,0.983,0.984,0.985,0.985,0.985,CAN,0.986,0.986,0
35,Central African Republic,0,0.728,0.731,0.739,0.751,0.759,0.765,0.756,0.762,0.77,CAF,0.778,0.78,0
36,Chad,0,0,0,0.723,0.755,0.765,0.767,0.768,0.769,0.789,TCD,0.788,0.775,0
37,Chile,0,0.923,0.927,0.938,0.956,0.959,0.961,0.957,0.959,0.961,CHL,0.961,0.961,0
38,China,0,0.911,0.913,0.925,0.939,0.942,0.945,0.949,0.953,0.956,CHN,0.957,0.955,0
39,Colombia,0,0.941,0.96,0.971,0.993,0.993,0.994,0.996,0.992,0.996,COL,0.997,0.997,0
40,Comoros,0,0,0,0,0.862,0.863,0.865,0.869,0.871,0.874,COM,0.874,0.876,0
41,Congo,0,0.866,0.877,0.885,0.913,0.919,0.924,0.927,0.931,0.935,COG,0.935,0.934,0
42,Congo,0,0.866,0.877,0.885,0.913,0.919,0.924,0.927,0.931,0.935,COD,0.935,0.934,0
43,Congo,0,0.866,0.877,0.885,0.913,0.919,0.924,0.927,0.931,0.935,COD,0.935,0.934,0
44,Congo (Democratic Republic of the),0,0,0,0.786,0.803,0.805,0.81,0.807,0.82,0.833,COD,0.845,0.852,0
45,Congo (Democratic Republic of the),0,0,0,0.786,0.803,0.805,0.81,0.807,0.82,0.833,COD,0.845,0.852,0
46,Costa Rica,0,0,0.941,0.964,0.965,0.97,0.973,0.975,0.976,0.979,CRI,0.976,0.974,0
47,Croatia,0,0.949,0.962,0.976,0.988,0.986,0.988,0.993,0.996,0.99,HRV,0.99,0.991,0
48,Cuba,0,0.9,0.908,0.94,0.965,0.963,0.958,0.958,0.949,0.944,CUB,0.944,0.942,0
49,Cyprus,0,0.933,0.947,0.955,0.962,0.969,0.974,0.976,0.982,0.988,CYP,0.984,0.984,0
50,Cyprus,0,0.933,0.947,0.955,0.962,0.969,0.974,0.976,0.982,0.988,CYP,0.984,0.984,0
51,Cyprus,0,0.933,0.947,0.955,0.962,0.969,0.974,0.976,0.982,0.988,CYP,0.984,0.984,0
52,Cyprus,0,0.933,0.947,0.955,0.962,0.969,0.974,0.976,0.982,0.988,CYP,0.984,0.984,0
53,Czechia,0,0.973,0.971,0.973,0.974,0.978,0.98,0.985,0.983,0.985,CZE,0.986,0.986,0
54,Côte d'Ivoire,0,0.734,0.737,0.76,0.745,0.749,0.757,0.769,0.781,0.789,CIV,0.84,0.841,0
55,Denmark,0,0.964,0.989,0.988,0.991,0.982,0.981,0.981,0.974,0.979,DNK,0.98,0.98,0
56,Dominican Republic,0,0,0,0,0.985,0.992,0.995,0.994,0.995,1.002,DOM,0.989,0.989,0
57,Dominican Republic,0,0,0,0,0.985,0.992,0.995,0.994,0.995,1.002,DOM,0.989,0.989,0
58,Dominican Republic,0,0,0,0,0.985,0.992,0.995,0.994,0.995,1.002,DOM,0.989,0.989,0
59,Ecuador,0,0,0,0,0,0,0.96,0.963,0.966,0.974,ECU,0.979,0.978,0
60,Egypt,0,0.795,0.805,0.825,0.843,0.868,0.794,0.837,0.842,0.852,EGY,0.871,0.872,0
61,El Salvador,0,0.931,0.943,0.951,0.971,0.964,0.96,0.976,0.972,0.972,SLV,0.97,0.969,0
62,Estonia,0,1.016,1.032,1.039,1.028,1.025,1.023,1.021,1.019,1.02,EST,1.019,1.019,0
63,Eswatini (Kingdom of),0,0.901,0.851,0.869,0.92,0.926,0.931,0.943,0.945,0.945,SWZ,0.944,0.943,0
64,Ethiopia,0,0,0.744,0.765,0.822,0.827,0.832,0.834,0.838,0.844,GNB,0.845,0.846,0
65,Ethiopia,0,0,0.744,0.765,0.822,0.827,0.832,0.834,0.838,0.844,GNB,0.845,0.846,0
66,Ethiopia,0,0,0.744,0.765,0.822,0.827,0.832,0.834,0.838,0.844,GNB,0.845,0.846,0
67,Fiji,0,0,0.927,0.955,0,0,0,0,0,0,HKG,0,0,0
68,Fiji,0,0,0.927,0.955,0,0,0,0,0,0,HKG,0,0,0
69,Finland,0,1.002,0.996,1.001,1.006,1.003,1.004,1.001,1.001,1.002,IRN,1.001,1,0
70,Finland,0,1.002,0.996,1.001,1.006,1.003,1.004,1.001,1.001,1.002,IRN,1.001,1,0
71,France,0,0.982,0.984,0.985,0.99,0.99,0.991,0.99,0.988,0.988,IRQ,0.987,0.987,0
72,France,0,0.982,0.984,0.985,0.99,0.99,0.991,0.99,0.988,0.988,IRQ,0.987,0.987,0
73,France,0,0.982,0.984,0.985,0.99,0.99,0.991,0.99,0.988,0.988,IRQ,0.987,0.987,0
74,Gabon,0,0.945,0.918,0.917,0.909,0.905,0.906,0.906,0.91,0.911,GAB,0.911,0.911,0
75,Gambia,0,0.761,0.797,0.841,0.808,0.807,0.813,0.817,0.819,0.82,GMB,0.884,0.89,0
76,Georgia,0,0,0.94,0.933,0.957,0.958,0.964,0.971,0.975,0.979,GEO,0.975,0.975,0
77,Georgia,0,0,0.94,0.933,0.957,0.958,0.964,0.971,0.975,0.979,GEO,0.975,0.975,0
78,Georgia,0,0,0.94,0.933,0.957,0.958,0.964,0.971,0.975,0.979,GEO,0.975,0.975,0
79,Georgia,0,0,0.94,0.933,0.957,0.958,0.964,0.971,0.975,0.979,GEO,0.975,0.975,0
80,Germany,0,0.943,0.943,0.959,0.964,0.964,0.963,0.965,0.966,0.967,DEU,0.967,0.967,0
81,Ghana,0,0.838,0.851,0.864,0.886,0.889,0.891,0.894,0.898,0.898,GHA,0.909,0.91,0
82,Greece,0,0.931,0.947,0.961,0.963,0.963,0.964,0.963,0.963,0.963,GRC,0.964,0.964,0
83,Guatemala,0,0,0.897,0.907,0.912,0.904,0.923,0.923,0.943,0.948,GTM,0.948,0.948,0
84,Guinea,0,0,0.728,0.774,0.803,0.799,0.795,0.799,0.805,0.806,GIN,0.808,0.81,0
85,Guinea,0,0,0.728,0.774,0.803,0.799,0.795,0.799,0.805,0.806,GNB,0.808,0.81,0
86,Guinea,0,0,0.728,0.774,0.803,0.799,0.795,0.799,0.805,0.806,GNB,0.808,0.81,0
87,Guinea,0,0,0.728,0.774,0.803,0.799,0.795,0.799,0.805,0.806,GNB,0.808,0.81,0
88,Guyana,0,0,0.926,0.934,0.951,0.949,0.947,0.945,0.945,0.947,GUY,0.948,0.948,0
89,Haiti,0,0,0,0,0,0,0.871,0.877,0.882,0.881,HTI,0.89,0,0
90,Honduras,0,0.913,0.916,0.95,0.972,0.966,0.962,0.969,0.971,0.977,HND,0.977,0.978,0
92,Hungary,0,0.987,0.983,0.996,0.993,0.992,0.99,0.991,0.988,0.986,HUN,0.985,0.985,0
93,Iceland,0,0.981,0.993,0.984,0.983,0.982,0.979,0.977,0.971,0.966,ISL,0.965,0.966,0
94,India,0,0.712,0.747,0.774,0.794,0.801,0.812,0.825,0.832,0.832,IND,0.84,0.841,0
95,Indonesia,0,0.884,0.897,0.907,0.924,0.926,0.928,0.925,0.926,0.928,IDN,0.931,0.932,0
96,Iran (Islamic Republic of),0,0.75,0.796,0.846,0.872,0.869,0.864,0.858,0.857,0.861,IRN,0.871,0.871,0
97,Iran (Islamic Republic of),0,0.75,0.796,0.846,0.872,0.869,0.864,0.858,0.857,0.861,IRN,0.871,0.871,0
98,Iraq,0,0.665,0.729,0.77,0.81,0.815,0.816,0.818,0.82,0.819,IRQ,0.822,0.823,0
99,Iraq,0,0.665,0.729,0.77,0.81,0.815,0.816,0.818,0.82,0.819,IRQ,0.822,0.823,0
100,Iraq,0,0.665,0.729,0.77,0.81,0.815,0.816,0.818,0.82,0.819,IRQ,0.822,0.823,0
101,Iraq,0,0.665,0.729,0.77,0.81,0.815,0.816,0.818,0.82,0.819,IRQ,0.822,0.823,0
102,Iraq,0,0.665,0.729,0.77,0.81,0.815,0.816,0.818,0.82,0.819,IRQ,0.822,0.823,0
103,Iraq,0,0.665,0.729,0.77,0.81,0.815,0.816,0.818,0.82,0.819,IRQ,0.822,0.823,0
104,Ireland,0,0.96,0.979,0.976,0.976,0.976,0.978,0.98,0.982,0.979,IRL,0.979,0.979,0
105,Israel,0,0.96,0.976,0.977,0.969,0.969,0.971,0.972,0.972,0.973,ISR,0.975,0.975,0
106,Italy,0,0.946,0.952,0.961,0.97,0.971,0.972,0.968,0.968,0.967,ITA,0.967,0.967,0
107,Jamaica,0,0.978,0.976,0.986,0.983,0.983,0.982,0.982,0.98,0.982,JAM,0.988,0.988,0
108,Japan,0,0.953,0.958,0.963,0.959,0.962,0.964,0.968,0.971,0.972,JPN,0.975,0.975,0
109,Jordan,0,0.799,0.837,0.83,0.851,0.853,0.849,0.847,0.851,0.855,JOR,0.856,0.857,0
110,Kazakhstan,0,1.004,1.003,1.02,1.008,1.008,1.01,1.01,1.007,1.007,KAZ,1.006,1.007,0
111,Kazakhstan,0,1.004,1.003,1.02,1.008,1.008,1.01,1.01,1.007,1.007,KAZ,1.006,1.007,0
112,Kazakhstan,0,1.004,1.003,1.02,1.008,1.008,1.01,1.01,1.007,1.007,KAZ,1.006,1.007,0
113,Kazakhstan,0,1.004,1.003,1.02,1.008,1.008,1.01,1.01,1.007,1.007,KAZ,1.006,1.007,0
114,Kenya,0,0.891,0.888,0.886,0.951,0.922,0.924,0.927,0.929,0.931,KEN,0.929,0.931,0
115,Korea (Republic of),0,0.928,0.925,0.93,0.926,0.927,0.928,0.93,0.931,0.932,KOR,0.932,0.932,0
116,Kuwait,0,0.952,0.972,0.999,0.985,0.983,0.979,0.994,0.992,0.989,KWT,0.991,0.99,0
117,Kyrgyzstan,0,0.951,0.959,0.962,0.959,0.959,0.959,0.958,0.961,0.966,KGZ,0.96,0.96,0
118,Lao People's Democratic Republic,0,0.827,0.847,0.867,0.902,0.907,0.914,0.92,0.925,0.929,LAO,0.933,0.934,0
119,Latvia,0,1.017,1.033,1.035,1.038,1.03,1.026,1.022,1.011,1.029,LVA,1.03,1.03,0
120,Lebanon,0,0,0,0.869,0.89,0.891,0.896,0.894,0.891,0.888,LBN,0.888,0.889,0
121,Lesotho,0,1.006,0.969,0.956,0.998,1.004,1.007,1.009,1.011,1.01,LSO,1.005,1.004,0
122,Liberia,0,0.599,0.759,0.768,0.853,0.859,0.866,0.873,0.834,0.835,LBR,0.835,0.846,0
123,Libya,0,0,0.889,0.917,0.951,0.928,0.948,0.933,0.925,0.924,LBY,0.924,0.929,0
124,Lithuania,0,1.01,1.025,1.028,1.039,1.034,1.033,1.028,1.028,1.027,LTU,1.026,1.026,0
125,Luxembourg,0,0,0.98,0.978,0.973,0.972,0.972,0.971,0.974,0.968,LUX,0.97,0.969,0
126,Madagascar,0,0,0,0,0.939,0.942,0.942,0.942,0.943,0.943,MDG,0.962,0.962,0
127,Malawi,0,0.874,0.867,0.868,0.904,0.91,0.915,0.92,0.927,0.933,MWI,0.936,0.936,0
128,Malaysia,0,0,0.926,0.935,0.958,0.963,0.966,0.972,0.975,0.977,MYS,0.975,0.976,0
129,Maldives,0,0.858,0.902,0.925,0.933,0.932,0.929,0.929,0.93,0.921,MDV,0.918,0.919,0
130,Mali,0,0.697,0.736,0.751,0.798,0.773,0.776,0.781,0.789,0.805,MLI,0.818,0.811,0
131,Malta,0,0.905,0.898,0.913,0.923,0.934,0.94,0.95,0.954,0.96,MLT,0.96,0.961,0
132,Mauritania,0,0.766,0.79,0.81,0.825,0.826,0.828,0.837,0.84,0.838,MRT,0.842,0.845,0
133,Mauritius,0,0.91,0.913,0.928,0.941,0.947,0.954,0.959,0.963,0.965,MUS,0.967,0.968,0
134,Mexico,0,0.901,0.922,0.937,0.948,0.949,0.948,0.951,0.951,0.952,MEX,0.954,0.954,0
135,Moldova (Republic of),0,0.979,0.987,0.992,1.008,1.01,1.012,1.008,1.006,1.006,MDA,1.006,1.005,0
136,Mongolia,0,0.972,1.009,1.017,1.021,1.018,1.027,1.018,1.025,1.026,MNG,1.023,1.023,0
137,Montenegro,0,0,0,0.944,0.954,0.956,0.955,0.956,0.955,0.956,MNE,0.955,0.956,0
138,Morocco,0,0.745,0.777,0.806,0.823,0.822,0.821,0.823,0.825,0.826,MAR,0.832,0.838,0
139,Mozambique,0,0.796,0.829,0.859,0.889,0.893,0.897,0.901,0.903,0.904,MOZ,0.904,0.904,0
140,Myanmar,0,0.888,0,0,0,0,0,0,0,0,MMR,0,0.959,0
141,Namibia,0,0.966,0.951,0.951,0.976,0.982,0.987,0.994,1.003,1.003,NAM,1.012,1.014,0
142,Nepal,0,0.75,0.77,0.832,0.885,0.89,0.903,0.91,0.915,0.921,NPL,0.924,0.925,0
143,Netherlands,0,0.947,0.957,0.962,0.965,0.968,0.967,0.966,0.965,0.966,NLD,0.967,0.966,0
144,New Zealand,0,0.971,0.979,0.965,0.963,0.964,0.964,0.965,0.965,0.964,NZL,0.966,0.966,0
145,Nicaragua,0,0,0.906,0.938,0.939,0.941,0.943,0.945,0.946,0.946,NIC,0.966,0.966,0
146,Niger,0,0.695,0.706,0.73,0,0,0.218,0.23,0.277,0.807,NER,0.809,0.812,0
147,Nigeria,0,0,0,0.836,0.867,0.868,0.862,0.864,0.865,0.867,NGA,0.867,0.868,0
148,Norway,0,0.981,0.99,0.989,0.996,0.996,0.996,0.994,0.993,0.992,NOR,0.991,0.991,0
149,Oman,0,0,0.869,0.879,0.909,0.917,0.929,0.94,0.943,0.945,OMN,0.944,0.942,0
150,Pakistan,0,0.599,0.62,0.675,0.72,0.72,0.732,0.734,0.736,0.743,PAK,0.748,0.75,0
152,Panama,0,0,0.977,0.985,0.989,0.989,0.995,0.999,1.004,1.004,PAN,0.989,0.989,0
153,Papua New Guinea,0,0.853,0.862,0,0,0,0,0,0,0,PNG,0,0,0
154,Paraguay,0,0.932,0.922,0.928,0.949,0.977,0.97,0.949,0.978,0.975,PRY,0.971,0.972,0
155,Peru,0,0,0.921,0.935,0.935,0.939,0.944,0.947,0.949,0.945,PER,0.949,0.95,0
156,Philippines,0,0.955,0.97,0.985,0.986,0.99,0.991,0.99,0.994,0.995,PHL,1,1,0
157,Poland,0,0.985,0.988,0.994,1.009,1.01,1.008,1.008,1.007,1.006,POL,1.006,1.006,0
158,Portugal,0,0.97,0.982,0.994,0.994,0.989,0.989,0.985,0.984,0.984,PRT,0.984,0.983,0
159,Qatar,0,0.987,1.021,0.973,0.983,0.996,1.033,1.025,1.028,1.03,QAT,1.032,1.031,0
160,Romania,0,0.958,0.963,0.978,0.986,0.985,0.983,0.985,0.987,0.986,ROU,0.985,0.985,0
161,Russian Federation,0,0,1.032,1.04,1.032,1.024,1.021,1.02,1.019,1.02,RUS,1.019,1.019,0
162,Russian Federation,0,0,1.032,1.04,1.032,1.024,1.021,1.02,1.019,1.02,RUS,1.019,1.019,0
163,Russian Federation,0,0,1.032,1.04,1.032,1.024,1.021,1.02,1.019,1.02,RUS,1.019,1.019,0
164,Russian Federation,0,0,1.032,1.04,1.032,1.024,1.021,1.02,1.019,1.02,RUS,1.019,1.019,0
165,Rwanda,0,0.838,0.883,0.922,0.953,0.942,0.936,0.939,0.942,0.942,RWA,0.94,0.941,0
166,Saint Lucia,0,0,0.966,0.987,0.989,0.988,0.989,0.988,0.987,0.99,LCA,0.992,0.993,0
167,Sao Tome and Principe,0,0,0.853,0.852,0.871,0.867,0.886,0.89,0.887,0.895,STP,0.896,0.892,0
168,Saudi Arabia,0,0,0.833,0.88,0.875,0.881,0.884,0.881,0.878,0.879,SAU,0.878,0.877,0
169,Senegal,0,0.781,0.806,0.81,0.864,0.881,0.885,0.89,0.896,0.901,SEN,0.906,0.911,0
170,Serbia,0,0,0.948,0.952,0.97,0.97,0.969,0.974,0.972,0.974,SRB,0.976,0.976,0
171,Sierra Leone,0,0,0.782,0.818,0.848,0.853,0.861,0.867,0.869,0.868,SLE,0.87,0.872,0
172,Singapore,0,0,0.936,0.948,0.969,0.977,0.976,0.978,0.978,0.979,SGP,0.98,0.982,0
173,Slovakia,0,0.999,1.001,0.988,0.991,0.988,0.989,0.989,0.989,0.99,SVK,0.991,0.991,0
174,Slovenia,0,0.986,0.993,1.006,1.006,1.011,1.005,0.996,1,1.001,SVN,1.003,1.003,0
175,South Africa,0,0.969,0.971,0.961,0.977,0.986,0.979,0.983,0.986,0.984,ZAF,0.984,0.984,0
176,South Sudan,0,0,0,0,0.827,0.828,0.823,0.824,0.826,0.827,SSD,0.827,0.826,0
177,Spain,0,0.962,0.968,0.974,0.979,0.979,0.979,0.979,0.977,0.978,ESP,0.979,0.979,0
178,Sri Lanka,0,0.915,0.928,0.928,0.927,0.928,0.929,0.935,0.934,0.935,LKA,0.935,0.935,0
179,Sudan,0,0,0,0.786,0.8,0.805,0.812,0.81,0.824,0.825,SDN,0.831,0.831,0
180,Suriname,0,0,0,0.966,0.972,0.974,0.975,0.976,0.977,0.976,SUR,0.975,0.975,0
181,Sweden,0,1,0.987,0.996,0.996,0.996,1,0.997,0.996,0.992,SWE,0.992,0.992,0
182,Switzerland,0,0.94,0.947,0.985,0.984,0.983,0.989,0.989,0.988,0.988,CHE,0.987,0.987,0
183,Syrian Arab Republic,0,0.796,0.813,0.803,0.834,0.84,0.835,0.821,0.81,0.802,SYR,0.797,0.788,0
184,Tajikistan,0,0.889,0.885,0.888,0.838,0.839,0.841,0.919,0.918,0.917,TJK,0.932,0.933,0
185,Tanzania (United Republic of),0,0.887,0.889,0.901,0.922,0.925,0.942,0.945,0.926,0.924,TZA,0.929,0.928,0
186,Thailand,0,0.977,0.979,0.971,0.997,1.005,1.004,1.002,0.999,0.999,THA,0.998,0.996,0
188,Timor-Leste,0,0,0,0.82,0.883,0.884,0.877,0.848,0.848,0.857,TLS,0.858,0.855,0
189,Togo,0,0.745,0.781,0.795,0.784,0.784,0.786,0.788,0.797,0.821,TGO,0.822,0.822,0
190,Tonga,0,0.93,0.927,0.938,0.953,0.954,0.955,0.951,0.951,0.951,TON,0.96,0.96,0
191,Trinidad and Tobago,0,0.952,0.967,0.983,0.995,1.009,1.008,1.01,1.01,1.014,TTO,1.012,1.013,0
192,Tunisia,0,0.811,0.845,0.868,0.887,0.884,0.888,0.89,0.893,0.895,TUN,0.897,0.897,0
193,Turkey,0,0.835,0.847,0.853,0.903,0.909,0.914,0.917,0.918,0.92,TUR,0.922,0.922,0
194,Turkey,0,0.835,0.847,0.853,0.903,0.909,0.914,0.917,0.918,0.92,TUR,0.922,0.922,0
195,Turkey,0,0.835,0.847,0.853,0.903,0.909,0.914,0.917,0.918,0.92,TUR,0.922,0.922,0
196,Turkey,0,0.835,0.847,0.853,0.903,0.909,0.914,0.917,0.918,0.92,TUR,0.922,0.922,0
197,Uganda,0,0.847,0.867,0.872,0.857,0.86,0.863,0.861,0.862,0.865,UGA,0.865,0.865,0
198,Ukraine,0,1,0.987,1,1.008,1.001,0.999,0.999,0.996,0.993,UKR,0.993,0.993,0
199,United Arab Emirates,0,0.951,0,0,0,0.949,0.95,0.96,0.963,0.966,ARE,0.968,0.968,0
200,United Kingdom,0,0.965,0.978,0.981,0.957,0.955,0.958,0.951,0.955,0.961,GBR,0.96,0.96,0
201,United States,0,0.993,0.986,0.991,0.996,0.996,0.994,0.991,0.993,0.992,USA,0.992,0.992,0
202,Uruguay,0,1.003,1,1.003,1.005,1.008,1.01,1.007,1.009,1.009,URY,1.014,1.014,0
203,Uzbekistan,0,0,0,0,0,0,0,0.946,0.947,0.947,UZB,0.945,0.945,0
204,Venezuela (Bolivarian Republic of),0,0.968,0.986,0.994,1.025,1.025,1.027,1.028,1.029,1.029,VEN,1.016,1.011,0
205,Viet Nam,0,0.944,0.956,0.985,0.992,1.002,1.006,1.008,1.009,1.011,VNM,1.009,1.005,0
206,Yemen,0,0.61,0.635,0.656,0.667,0.65,0.641,0.619,0.6,0.55,YEM,0.48,0.425,0
207,Zambia,0,0,0,0,0.906,0.913,0.92,0.926,0.933,0.935,ZMB,0.939,0.941,0
208,Zimbabwe,0,0.906,0.886,0.884,0.915,0.921,0.927,0.931,0.926,0.922,ZWE,0.923,0.924,0
209,Andorra,0,0,0,0,0,0,0,0,0,0,AND,0,0,0
210,Angola,0,0,0,0,0,0,0,0,0,0,AGO,0,0,0
211,Antigua and Barbuda,0,0,0,0,0,0,0,0,0,0,ATG,0,0,0
212,Djibouti,0,0,0,0,0,0,0,0,0,0,DJI,0,0,0
213,Dominica,0,0,0,0,0,0,0,0,0,0,DMA,0,0,0
214,Equatorial Guinea,0,0,0,0,0,0,0,0,0,0,GNQ,0,0,0
215,Eritrea,0,0,0,0,0,0,0,0,0,0,ERI,0,0,0
216,Grenada,0,0,0,0,0,0,0,0,0,0,GRD,0,0,0
217,Guinea-Bissau,0,0,0,0,0,0,0,0,0,0,GNB,0,0,0
218,Guinea-Bissau,0,0,0,0,0,0,0,0,0,0,GNB,0,0,0
219,Guinea-Bissau,0,0,0,0,0,0,0,0,0,0,GNB,0,0,0
220,Kiribati,0,0,0,0,0,0,0,0,0,0,KIR,0,0,0
221,Korea (Democratic People's Rep. of),0,0,0,0,0,0,0,0,0,0,PRK,0,0,0
222,Liechtenstein,0,0,0,0,0,0,0,0,0,0,LIE,0,0,0
223,Marshall Islands,0,0,0,0,0,0,0,0,0,0,MHL,0,0,0
224,Micronesia (Federated States of),0,0,0,0,0,0,0,0,0,0,FSM,0,0,0
225,Monaco,0,0,0,0,0,0,0,0,0,0,MCO,0,0,0
226,Nauru,0,0,0,0,0,0,0,0,0,0,NRU,0,0,0
227,Palau,0,0,0,0,0,0,0,0,0,0,PLW,0,0,0
228,Saint Kitts and Nevis,0,0,0,0,0,0,0,0,0,0,KNA,0,0,0
229,Saint Vincent and the Grenadines,0,0,0,0,0,0,0,0,0,0,VCT,0,0,0
230,Samoa,0,0,0,0,0,0,0,0,0,0,WSM,0,0,0
231,San Marino,0,0,0,0,0,0,0,0,0,0,SMR,0,0,0
232,Seychelles,0,0,0,0,0,0,0,0,0,0,SYC,0,0,0
233,Solomon Islands,0,0,0,0,0,0,0,0,0,0,SLB,0,0,0
234,Somalia,0,0,0,0,0,0,0,0,0,0,SOM,0,0,0
235,Turkmenistan,0,0,0,0,0,0,0,0,0,0,TKM,0,0,0
236,Tuvalu,0,0,0,0,0,0,0,0,0,0,TUV,0,0,0
237,Vanuatu,0,0,0,0,0,0,0,0,0,0,VUT,0,0,0
0,Afghanistan,0,0,0,0.742,0.728,0.717,0.706,0.694,0.682,0.672,AFG,0.66,0.653,0
1,Albania,0,0,0.38,0.329,0.273,0.276,0.275,0.267,0.261,0.256,ALB,0.25,0.238,0
2,Algeria,0,0.679,0.627,0.561,0.528,0.519,0.436,0.432,0.437,0.437,DZA,0.432,0.442,0
3,Argentina,0,0.419,0.411,0.372,0.374,0.368,0.366,0.365,0.365,0,ARG,0.361,0.358,0
4,Armenia,0,0.474,0.468,0.403,0.344,0.339,0.319,0.312,0.306,0.302,ARM,0.296,0.262,0
5,Armenia,0,0.474,0.468,0.403,0.344,0.339,0.319,0.312,0.306,0.302,ARM,0.296,0.262,0
6,Australia,0,0.18,0.16,0.139,0.133,0.129,0.127,0.122,0.121,0.118,AUS,0.111,0.109,0
7,Austria,0,0.186,0.15,0.118,0.103,0.099,0.095,0.086,0.084,0.083,AUT,0.077,0.071,0
8,Azerbaijan,0,0,0,0.319,0.31,0.311,0.31,0.314,0.32,0.313,AZE,0.318,0.318,0
9,Azerbaijan,0,0,0,0.319,0.31,0.311,0.31,0.314,0.32,0.313,AZE,0.318,0.318,0
10,Bahamas,0,0,0.388,0.359,0.378,0.377,0.374,0.371,0.37,0.364,BHS,0.356,0.34,0
11,Bahrain,0,0,0,0.325,0.234,0.22,0.219,0.213,0.216,0.225,BHR,0.223,0.222,0
12,Bangladesh,0,0.71,0.68,0.634,0.586,0.576,0.569,0.561,0.553,0.547,BGD,0.544,0.542,0
13,Barbados,0,0.372,0.356,0.345,0.32,0.313,0.307,0.295,0.292,0.294,BRB,0.284,0.284,0
14,Belarus,0,0,0,0,0.148,0.146,0.15,0.148,0.146,0.145,BLR,0.129,0.13,0
15,Belgium,0,0.162,0.122,0.104,0.078,0.074,0.07,0.065,0.057,0.052,BEL,0.047,0.048,0
16,Belize,0,0.515,0.481,0.464,0.418,0.408,0.392,0.384,0.381,0.38,BLZ,0.375,0.386,0
17,Benin,0,0.682,0.678,0.656,0.62,0.628,0.623,0.618,0.614,0.619,BEN,0.614,0.611,0
18,Bhutan,0,0,0,0,0,0,0.478,0.52,0.502,0.489,BTN,0.476,0.476,0
19,Bolivia (Plurinational State of),0,0,0.591,0.558,0.499,0.495,0.492,0.487,0.452,0.454,BOL,0.451,0.45,0
20,Bosnia and Herzegovina,0,0,0,0,0.225,0.202,0.194,0.187,0,0.172,BIH,0.166,0.166,0
21,Botswana,0,0.567,0.532,0.532,0.496,0.488,0.481,0.469,0.452,0.445,BWA,0.435,0.434,0
22,Brazil,0,0.521,0.507,0.467,0.452,0.447,0.446,0.429,0.42,0.413,BRA,0.41,0.407,0
23,Brunei Darussalam,0,0,0,0,0,0,0,0,0,0,BRN,0.26,0.236,0
24,Bulgaria,0,0.373,0.336,0.25,0.234,0.232,0.218,0.22,0.232,0.23,BGR,0.227,0.217,0
25,Burkina Faso,0,0,0,0.645,0.615,0.612,0.606,0.603,0,0.621,BFA,0.618,0.61,0
26,Burundi,0,0,0.593,0.526,0.498,0.496,0.491,0.487,0.482,0.474,BDI,0.471,0.471,0
27,Cambodia,0,0.66,0.598,0.561,0.494,0.489,0.484,0.481,0.477,0.473,KHM,0.473,0.473,0
28,Cameroon,0,0.699,0.691,0.659,0.621,0.617,0.613,0.579,0.576,0.573,CMR,0.568,0.569,0
29,Canada,0,0.184,0,0.132,0.121,0.113,0.11,0.107,0.104,0.102,CAN,0.093,0.092,0
30,Central African Republic,0,0.741,0.706,0.686,0.678,0.664,0.662,0,0,0,CAF,0.681,0.673,0
31,Chad,0,0,0,0,0,0,0,0,0,0.704,TCD,0.702,0.708,0
32,Chile,0,0.478,0.435,0.389,0.358,0.352,0.346,0.33,0.327,0.325,CHL,0.32,0,0
33,China,0,0,0.255,0.231,0.189,0.183,0.177,0.165,0.161,0.157,CHN,0.154,0.152,0
34,Colombia,0,0.542,0.508,0.49,0.434,0.419,0.413,0.413,0.393,0.389,COL,0.381,0.383,0
35,Congo,0,0,0.62,0.624,0.615,0.61,0.608,0.605,0.593,0.591,COG,0.587,0.578,0
36,Congo,0,0,0.62,0.624,0.615,0.61,0.608,0.605,0.593,0.591,COD,0.587,0.578,0
37,Congo (Democratic Republic of the),0,0,0,0.665,0.677,0,0.671,0.642,0.652,0.655,COD,0.652,0.652,0
38,Costa Rica,0,0.461,0.423,0.345,0.324,0.317,0.312,0.306,0.308,0.303,CRI,0.303,0.3,0
39,Croatia,0,0.279,0.206,0.164,0.137,0.136,0.131,0.126,0.12,0.143,HRV,0.149,0.124,0
40,Cuba,0,0.428,0.394,0.341,0.328,0.322,0.318,0.312,0.309,0.307,CUB,0.301,0.301,0
41,Cyprus,0,0.34,0.258,0.14,0.126,0.133,0.132,0.13,0.114,0.111,CYP,0.085,0.085,0
42,Cyprus,0,0.34,0.258,0.14,0.126,0.133,0.132,0.13,0.114,0.111,CYP,0.085,0.085,0
43,Czechia,0,0.252,0,0.153,0.135,0.133,0.132,0.137,0.137,0.133,CZE,0.129,0.124,0
44,Côte d'Ivoire,0,0.706,0,0.69,0.681,0.67,0.67,0.666,0.668,0.666,CIV,0,0,0
45,Denmark,0,0.102,0.076,0.064,0.05,0.047,0.045,0.042,0.042,0.042,DNK,0.04,0.04,0
46,Dominican Republic,0,0.57,0.484,0.47,0.465,0.491,0.445,0.481,0.475,0.468,DOM,0.452,0.451,0
47,Ecuador,0,0.584,0.488,0.452,0.418,0.421,0.415,0.401,0.395,0.387,ECU,0.379,0.385,0
48,Egypt,0,0.665,0.633,0.58,0,0,0.577,0,0,0,EGY,0.45,0.449,0
49,El Salvador,0,0.527,0.521,0.489,0.44,0.44,0.417,0.41,0.405,0.395,SLV,0.393,0.392,0
50,Estonia,0,0.387,0.282,0.213,0.158,0.163,0.157,0.153,0.156,0.137,EST,0.128,0.122,0
51,Eswatini (Kingdom of),0,0.642,0.656,0.616,0.57,0.566,0.561,0.58,0.576,0.573,SWZ,0.57,0.569,0
52,Ethiopia,0,0,0,0.611,0.572,0.566,0.561,0.549,0.537,0.509,GNB,0.502,0.502,0
53,Fiji,0,0.494,0,0.409,0,0,0,0,0.363,0.352,HKG,0.353,0.352,0
54,Finland,0,0.101,0.085,0.088,0.071,0.067,0.065,0.063,0.061,0.061,IRN,0.058,0.058,0
55,France,0,0.22,0.192,0.157,0.124,0.122,0.108,0.107,0.104,0.104,IRQ,0.1,0.083,0
56,Gabon,0,0.622,0.611,0.589,0.555,0.554,0.549,0.547,0.545,0.542,GAB,0.537,0.534,0
57,Gambia,0,0.757,0.748,0.658,0.663,0.659,0.655,0.651,0.637,0.634,GMB,0.628,0.623,0
58,Georgia,0,0.425,0.422,0.388,0.421,0.419,0.381,0.378,0.374,0.373,GEO,0.35,0.35,0
59,Georgia,0,0.425,0.422,0.388,0.421,0.419,0.381,0.378,0.374,0.373,GEO,0.35,0.35,0
60,Germany,0,0.156,0.13,0.117,0.092,0.088,0.085,0.078,0.075,0.071,DEU,0.065,0.072,0
61,Ghana,0,0.628,0,0.574,0.572,0.569,0,0.552,0.551,0.55,GHA,0.547,0.538,0
62,Greece,0,0.286,0.223,0.181,0.15,0.141,0.129,0.126,0.122,0.121,GRC,0.115,0.12,0
63,Guatemala,0,0.585,0.596,0.572,0.534,0.525,0.517,0.516,0.498,0.496,GTM,0.488,0.493,0
64,Guyana,0,0,0.544,0.534,0.524,0.518,0.516,0.513,0.51,0.509,GUY,0.506,0.504,0
65,Haiti,0,0,0,0.579,0,0.595,0.6,0.598,0.595,0.593,HTI,0.75,0.601,0
66,Honduras,0,0,0.547,0.519,0.513,0.51,0.507,0,0.474,0.465,HND,0.461,0,0
67,Hungary,0,0.322,0.288,0.26,0.256,0.263,0.262,0.263,0.255,0.26,HUN,0.259,0.259,0
68,Iceland,0,0.184,0.148,0.125,0.088,0.087,0.082,0.078,0.074,0.067,ISL,0.054,0.062,0
69,India,0,0.687,0,0.619,0.581,0.574,0.567,0.558,0.544,0.534,IND,0.524,0.524,0
70,Indonesia,0,0.58,0.563,0.534,0.485,0.48,0.475,0.471,0.471,0.468,IDN,0.462,0.453,0
71,Iran (Islamic Republic of),0,0.664,0.601,0.512,0.526,0.53,0.524,0.525,0.526,0.512,IRN,0.459,0.461,0
72,Iraq,0,0.693,0.642,0,0.521,0.519,0.515,0.511,0.51,0.508,IRQ,0.505,0.506,0
73,Iraq,0,0.693,0.642,0,0.521,0.519,0.515,0.511,0.51,0.508,IRQ,0.505,0.506,0
74,Ireland,0,0.203,0.201,0.192,0.162,0.147,0.144,0.137,0.135,0.131,IRL,0.111,0.109,0
75,Israel,0,0.244,0.197,0.173,0.143,0.137,0.133,0.124,0.12,0.107,ISR,0.099,0.098,0
76,Italy,0,0.198,0.178,0.175,0.122,0.119,0.116,0.091,0.089,0.09,ITA,0.087,0.087,0
77,Jamaica,0,0.479,0.472,0.471,0.453,0.442,0.439,0.436,0.428,0.425,JAM,0.412,0.412,0
78,Japan,0,0.156,0.135,0.146,0.118,0.117,0.126,0.127,0.125,0.118,JPN,0.106,0.103,0
79,Jordan,0,0.672,0.631,0.557,0.488,0.49,0.488,0.487,0.485,0.485,JOR,0.461,0.46,0
80,Kazakhstan,0,0.447,0.404,0.36,0.273,0.26,0.232,0.221,0.21,0.208,KAZ,0.2,0.197,0
81,Kazakhstan,0,0.447,0.404,0.36,0.273,0.26,0.232,0.221,0.21,0.208,KAZ,0.2,0.197,0
82,Kenya,0,0.706,0.695,0.654,0.611,0.607,0.604,0.566,0.562,0.558,KEN,0.556,0.549,0
83,Korea (Republic of),0,0.277,0.191,0.107,0.095,0.09,0.081,0.076,0.071,0.067,KOR,0.063,0.063,0
84,Kuwait,0,0.584,0.583,0.371,0.219,0.215,0.228,0.226,0.325,0.326,KWT,0.301,0.27,0
85,Kyrgyzstan,0,0.512,0.476,0.677,0.379,0.383,0.38,0.383,0.38,0.393,KGZ,0.392,0.392,0
86,Lao People's Democratic Republic,0,0,0.578,0.543,0.506,0.499,0.491,0.484,0.476,0.47,LAO,0.462,0.461,0
87,Latvia,0,0.411,0.276,0.217,0.201,0.199,0.186,0.183,0.197,0.195,LVA,0.188,0.196,0
88,Lebanon,0,0,0,0,0.401,0.397,0.394,0.39,0.39,0.386,LBN,0.382,0.381,0
89,Lesotho,0,0.576,0.594,0.584,0.568,0.562,0.554,0.552,0.548,0.548,LSO,0.54,0.544,0
90,Liberia,0,0,0.69,0.677,0.659,0.668,0.661,0.658,0.655,0.656,LBR,0.654,0.656,0
91,Libya,0,0,0,0.27,0.211,0,0.163,0.167,0.173,0.173,LBY,0.171,0.17,0
92,Lithuania,0,0.326,0.281,0.185,0.159,0.163,0.137,0.135,0.131,0.128,LTU,0.123,0.123,0
93,Luxembourg,0,0.2,0.175,0.156,0.121,0.103,0.106,0.082,0.078,0.071,LUX,0.066,0.066,0
94,Malawi,0,0.718,0.691,0.654,0.621,0.614,0.613,0.612,0.624,0.623,MWI,0.621,0.619,0
95,Malaysia,0,0.39,0.336,0.324,0.31,0.31,0.303,0.292,0.284,0.287,MYS,0.288,0.287,0
96,Maldives,0,0.649,0.541,0.421,0.395,0.385,0.374,0.363,0.363,0.359,MDV,0.344,0.343,0
97,Mali,0,0.728,0.726,0.723,0.678,0.679,0.677,0,0.676,0.679,MLI,0.678,0.678,0
98,Malta,0,0.329,0.322,0.305,0.272,0.268,0.26,0.214,0.209,0.214,MLT,0.211,0.216,0
99,Mauritania,0,0.808,0.755,0,0.656,0.652,0.647,0,0.631,0.627,MRT,0.624,0.617,0
100,Mauritius,0,0.479,0.452,0.369,0.375,0.363,0.364,0.359,0.353,0.376,MUS,0.374,0.373,0
101,Mexico,0,0.508,0.492,0.43,0.399,0.39,0.367,0.363,0.358,0.348,MEX,0.344,0.343,0
102,Moldova (Republic of),0,0.479,0.42,0.295,0.283,0.255,0.255,0.248,0.253,0.234,MDA,0.228,0.226,0
103,Mongolia,0,0.501,0.452,0.412,0.419,0.414,0.323,0.319,0.316,0.316,MNG,0.301,0.301,0
104,Montenegro,0,0,0,0,0.205,0.193,0.168,0.169,0.16,0.156,MNE,0.133,0.132,0
105,Morocco,0,0.72,0.704,0.586,0.566,0.534,0.53,0.525,0.52,0.497,MAR,0.483,0.482,0
106,Mozambique,0,0,0.635,0.625,0.6,0.591,0.582,0.573,0,0.56,MOZ,0.552,0.552,0
107,Myanmar,0,0,0,0,0.515,0.532,0.506,0.504,0.506,0.442,MMR,0.455,0.456,0
108,Namibia,0,0.555,0.546,0.526,0.512,0.51,0.505,0.5,0,0.473,NAM,0.472,0.472,0
109,Nepal,0,0.709,0.668,0.652,0.526,0.516,0.507,0,0.496,0.488,NPL,0.481,0.48,0
110,Netherlands,0,0.114,0.096,0.083,0.05,0.047,0.047,0.046,0.046,0.045,NLD,0.043,0.044,0
111,New Zealand,0,0.222,0.19,0.188,0.177,0.17,0.167,0.163,0.158,0.152,NZL,0.146,0.136,0
112,Nicaragua,0,0.629,0.605,0.542,0.518,0.477,0.479,0.475,0.468,0.465,NIC,0.456,0.456,0
113,Niger,0,0.801,0.797,0.702,0,0.682,0.678,0.673,0.668,0.666,NER,0.658,0.649,0
114,Norway,0,0.121,0.108,0.085,0.065,0.062,0.06,0.057,0.054,0.052,NOR,0.05,0.048,0
115,Oman,0,0,0,0.389,0.311,0.3,0.293,0.286,0.281,0.28,OMN,0.264,0.264,0
116,Pakistan,0,0.766,0,0.595,0.575,0.574,0.56,0.559,0.553,0.547,PAK,0.543,0.541,0
117,Panama,0,0.521,0.507,0.475,0.519,0.522,0.518,0.513,0.466,0.465,PAN,0.461,0.461,0
118,Papua New Guinea,0,0.673,0.666,0.682,0.665,0.661,0.604,0.601,0.597,0.595,PNG,0.591,0.741,0
119,Paraguay,0,0.572,0.55,0.536,0.498,0.494,0.484,0.464,0.468,0.466,PRY,0.465,0.467,0
120,Peru,0,0.546,0,0.45,0.4,0.407,0.396,0.391,0.387,0.385,PER,0.368,0.368,0
121,Philippines,0,0.482,0.477,0.467,0.451,0.448,0.448,0.435,0.432,0.431,PHL,0.428,0.427,0
122,Poland,0,0.258,0.205,0.164,0.167,0.152,0.15,0.149,0.146,0.138,POL,0.134,0.132,0
123,Portugal,0,0.244,0.209,0.183,0.132,0.121,0.122,0.108,0.105,0.095,PRT,0.088,0.088,0
124,Qatar,0,0,0,0,0.573,0.549,0.547,0.546,0.539,0.536,QAT,0.533,0.206,0
125,Romania,0,0.472,0,0.356,0.358,0.355,0.343,0.344,0.343,0.342,ROU,0.339,0.311,0
126,Russian Federation,0,0.466,0.423,0.359,0.311,0.305,0.294,0.289,0.287,0.272,RUS,0.267,0.257,0
127,Russian Federation,0,0.466,0.423,0.359,0.311,0.305,0.294,0.289,0.287,0.272,RUS,0.267,0.257,0
128,Rwanda,0,0.584,0.555,0.487,0.438,0.429,0.42,0.406,0.398,0.389,RWA,0.381,0.381,0
129,Saint Lucia,0,0,0,0,0,0,0,0.353,0.351,0.337,LCA,0.334,0.333,0
130,Samoa,0,0,0.471,0.459,0.414,0.451,0.446,0.44,0.408,0.403,WSM,0.365,0.365,0
131,Sao Tome and Principe,0,0,0,0,0.548,0.547,0.546,0.545,0.543,0.54,STP,0.538,0.538,0
132,Saudi Arabia,0,0,0,0.671,0.63,0.62,0.616,0.263,0.257,0.245,SAU,0.234,0.234,0
133,Senegal,0,0.644,0.64,0.628,0.57,0.563,0.535,0.529,0.523,0.52,SEN,0.515,0.515,0
134,Serbia,0,0,0,0,0.219,0.217,0.19,0.192,0.189,0.188,SRB,0.182,0.181,0
135,Sierra Leone,0,0,0.696,0.67,0.661,0.658,0.657,0.654,0.652,0.65,SLE,0.645,0.645,0
136,Singapore,0,0.25,0.274,0.168,0.089,0.093,0.085,0.077,0.067,0.067,SGP,0.065,0.067,0
137,Slovakia,0,0.248,0.219,0.189,0.198,0.196,0.187,0.186,0.187,0.185,SVK,0.18,0.18,0
138,Slovenia,0,0.246,0,0.139,0.125,0.075,0.07,0.07,0.063,0.061,SVN,0.056,0.054,0
139,South Africa,0,0.425,0.423,0.426,0.417,0.414,0.412,0.405,0.4,0.396,ZAF,0.389,0.389,0
140,Spain,0,0.157,0.119,0.117,0.104,0.099,0.095,0.092,0.087,0.083,ESP,0.08,0.08,0
141,Sri Lanka,0,0.471,0,0.439,0.401,0.388,0.387,0.376,0.371,0.376,LKA,0.354,0.354,0
142,Sudan,0,0.72,0,0.666,0.617,0.611,0.604,0.598,0.593,0.573,SDN,0.564,0.564,0
143,Suriname,0,0,0,0.489,0.508,0.491,0.489,0.49,0.487,0.443,SUR,0.442,0.441,0
144,Sweden,0,0.09,0.061,0.052,0.048,0.047,0.046,0.045,0.045,0.044,SWE,0.044,0.044,0
145,Switzerland,0,0.117,0.094,0.073,0.057,0.056,0.053,0.048,0.046,0.044,CHE,0.04,0.039,0
146,Syrian Arab Republic,0,0.569,0.548,0.542,0.54,0.543,0.548,0.552,0.554,0.555,SYR,0.546,0.547,0
147,Tajikistan,0,0.568,0.42,0.353,0.339,0.338,0.335,0.334,0.339,0.338,TJK,0.317,0.317,0
148,Tanzania (United Republic of),0,0.652,0,0.593,0,0.557,0.554,0.55,0.547,0.542,TZA,0.538,0.537,0
149,Thailand,0,0.4,0.397,0.348,0.326,0.315,0.318,0.317,0.381,0.378,THA,0.378,0.393,0
151,Togo,0,0.736,0.663,0.633,0.606,0.605,0.602,0.582,0.572,0.572,TGO,0.569,0.567,0
152,Tonga,0,0.683,0.677,0.488,0.678,0.481,0.48,0.476,0.671,0.669,TON,0.666,0.416,0
153,Trinidad and Tobago,0,0.426,0,0.353,0.349,0.346,0.344,0.342,0.342,0.329,TTO,0.322,0.324,0
154,Tunisia,0,0.53,0.428,0.338,0.32,0.311,0.307,0.308,0.297,0.298,TUN,0.3,0.298,0
155,Turkey,0,0.631,0.591,0.564,0.418,0.374,0.36,0.348,0.34,0.326,TUR,0.316,0.317,0
156,Turkey,0,0.631,0.591,0.564,0.418,0.374,0.36,0.348,0.34,0.326,TUR,0.316,0.317,0
157,Uganda,0,0.659,0.65,0.598,0.564,0.552,0.546,0.539,0.533,0.528,UGA,0.525,0.523,0
158,Ukraine,0,0.48,0.385,0.372,0.334,0.33,0.318,0.312,0.297,0.292,UKR,0.286,0.285,0
159,United Arab Emirates,0,0.644,0.609,0.592,0.23,0.245,0.245,0.244,0.245,0.23,ARE,0.232,0.232,0
160,United Kingdom,0,0.237,0.215,0.206,0.172,0.164,0.16,0.154,0.148,0.133,GBR,0.119,0.116,0
161,United States,0,0.305,0,0.264,0.242,0.237,0.227,0.222,0.212,0.206,USA,0.189,0.189,0
162,Uruguay,0,0.438,0.39,0.374,0.325,0.324,0.318,0.319,0.316,0.283,URY,0.279,0.27,0
163,Uzbekistan,0,0,0,0,0,0,0,0.27,0.269,0.276,UZB,0.274,0.274,0
164,Venezuela (Bolivarian Republic of),0,0.539,0,0.475,0.474,0.473,0.472,0.471,0.469,0.467,VEN,0.478,0.454,0
165,Viet Nam,0,0.382,0.347,0.317,0.33,0.33,0.328,0.326,0.323,0.323,VNM,0.305,0.304,0
166,Yemen,0,0,0.818,0.813,0.82,0.821,0.824,0.827,0.83,0.839,YEM,0.833,0.835,0
167,Zambia,0,0.642,0.647,0.613,0.568,0.572,0.567,0.562,0.561,0.546,ZMB,0.519,0.517,0
168,Zimbabwe,0,0.598,0.632,0.591,0.58,0.574,0.568,0.531,0.534,0.54,ZWE,0.537,0.534,0
169,Andorra,0,0,0,0,0,0,0,0,0,0,AND,0,0,0
170,Angola,0,0,0,0,0,0,0,0,0,0,AGO,0,0,0
171,Antigua and Barbuda,0,0,0,0,0,0,0,0,0,0,ATG,0,0,0
172,Cabo Verde,0,0,0,0,0,0,0,0,0,0,CPV,0,0,0
173,Comoros,0,0,0,0,0,0,0,0,0,0,COM,0,0,0
174,Djibouti,0,0,0,0,0,0,0,0,0,0,DJI,0,0,0
175,Dominica,0,0,0,0,0,0,0,0,0,0,DMA,0,0,0
176,Equatorial Guinea,0,0,0,0,0,0,0,0,0,0,GNQ,0,0,0
177,Eritrea,0,0,0,0,0,0,0,0,0,0,ERI,0,0,0
178,Grenada,0,0,0,0,0,0,0,0,0,0,GRD,0,0,0
179,Guinea,0,0,0,0,0,0,0,0,0,0,GIN,0,0,0
180,Guinea,0,0,0,0,0,0,0,0,0,0,GNB,0,0,0
181,Guinea-Bissau,0,0,0,0,0,0,0,0,0,0,GNB,0,0,0
182,"Hong Kong, China (SAR)",0,0,0,0,0,0,0,0,0,0,HKG,0,0,0
183,Kiribati,0,0,0,0,0,0,0,0,0,0,KIR,0,0,0
184,Korea (Democratic People's Rep. of),0,0,0,0,0,0,0,0,0,0,PRK,0,0,0
185,Liechtenstein,0,0,0,0,0,0,0,0,0,0,LIE,0,0,0
186,Madagascar,0,0,0,0,0,0,0,0,0,0,MDG,0,0,0
187,Marshall Islands,0,0,0,0,0,0,0,0,0,0,MHL,0,0,0
188,Micronesia (Federated States of),0,0,0,0,0,0,0,0,0,0,FSM,0,0,0
189,Monaco,0,0,0,0,0,0,0,0,0,0,MCO,0,0,0
190,Nauru,0,0,0,0,0,0,0,0,0,0,NRU,0,0,0
191,Nigeria,0,0,0,0,0,0,0,0,0,0,NGA,0,0,0
192,Palau,0,0,0,0,0,0,0,0,0,0,PLW,0,0,0
193,"Palestine, State of",0,0,0,0,0,0,0,0,0,0,PSE,0,0,0
194,Saint Kitts and Nevis,0,0,0,0,0,0,0,0,0,0,KNA,0,0,0
195,Saint Vincent and the Grenadines,0,0,0,0,0,0,0,0,0,0,VCT,0,0,0
196,San Marino,0,0,0,0,0,0,0,0,0,0,SMR,0,0,0
197,Seychelles,0,0,0,0,0,0,0,0,0,0,SYC,0,0,0
198,Solomon Islands,0,0,0,0,0,0,0,0,0,0,SLB,0,0,0
199,Somalia,0,0,0,0,0,0,0,0,0,0,SOM,0,0,0
200,South Sudan,0,0,0,0,0,0,0,0,0,0,SSD,0,0,0
201,Timor-Leste,0,0,0,0,0,0,0,0,0,0,TLS,0,0,0
202,Turkmenistan,0,0,0,0,0,0,0,0,0,0,TKM,0,0,0
203,Tuvalu,0,0,0,0,0,0,0,0,0,0,TUV,0,0,0
204,Vanuatu,0,0,0,0,0,0,0,0,0,0,VUT,0,0,0
0,Afghanistan,1340,1270,1100,821,584,536,496,459,425,396,AFG,0,0,0
1,Albania,71,53,43,30,30,30,30,29,29,29,ALB,0,0,0
2,Algeria,216,192,170,148,147,147,145,144,141,140,DZA,0,0,0
3,Angola,1160,1150,924,705,561,546,526,509,493,477,AGO,0,0,0
4,Argentina,72,63,60,58,58,56,55,54,54,52,ARG,0,0,0
5,Armenia,58,50,40,40,33,31,30,28,26,25,ARM,0,0,0
6,Armenia,58,50,40,40,33,31,30,28,26,25,ARM,0,0,0
7,Armenia,58,50,40,40,33,31,30,28,26,25,ARM,0,0,0
8,Armenia,58,50,40,40,33,31,30,28,26,25,ARM,0,0,0
9,Australia,8,8,9,7,6,7,6,6,6,6,AUS,0,0,0
10,Austria,8,6,5,5,4,4,4,4,4,4,AUT,0,0,0
11,Azerbaijan,64,86,48,34,27,26,25,25,26,25,AZE,0,0,0
12,Azerbaijan,64,86,48,34,27,26,25,25,26,25,AZE,0,0,0
13,Azerbaijan,64,86,48,34,27,26,25,25,26,25,AZE,0,0,0
14,Azerbaijan,64,86,48,34,27,26,25,25,26,25,AZE,0,0,0
15,Bahamas,46,49,61,74,85,86,82,81,83,80,BHS,0,0,0
16,Bahrain,26,22,21,20,16,16,16,15,15,15,BHR,0,0,0
17,Bangladesh,569,479,399,319,242,228,214,201,188,176,BGD,0,0,0
18,Barbados,58,49,48,40,33,31,29,28,28,27,BRB,0,0,0
19,Belarus,33,33,26,13,5,5,4,4,4,4,BLR,0,0,0
20,Belgium,9,10,9,8,8,8,7,7,7,7,BEL,0,0,0
21,Belize,54,55,53,52,37,33,32,29,28,28,BLZ,0,0,0
22,Benin,576,550,572,502,446,436,429,422,414,405,BEN,0,0,0
23,Bhutan,945,636,423,308,204,190,177,166,156,148,BTN,0,0,0
24,Bolivia (Plurinational State of),425,390,334,305,253,241,230,222,215,206,BOL,0,0,0
25,Bosnia and Herzegovina,28,22,17,14,13,12,12,12,12,11,BIH,0,0,0
26,Botswana,243,238,311,276,169,159,153,139,134,129,BWA,0,0,0
27,Brazil,104,84,66,67,65,59,60,48,46,44,BRA,0,0,0
28,Brunei Darussalam,35,33,31,30,27,29,25,24,23,23,BRN,0,0,0
29,Bulgaria,25,24,21,15,11,11,10,11,11,11,BGR,0,0,0
30,Burkina Faso,727,636,547,468,417,408,398,389,379,371,BFA,0,0,0
31,Burundi,1220,1210,954,863,808,796,780,760,737,712,BDI,0,0,0
32,Cabo Verde,256,150,83,54,51,50,48,46,44,42,CPV,0,0,0
33,Cambodia,1020,730,484,315,202,188,178,173,167,161,KHM,0,0,0
34,Cameroon,728,749,750,729,676,652,632,619,609,596,CMR,0,0,0
35,Canada,7,9,9,9,8,8,8,7,7,7,CAN,0,0,0
36,Central African Republic,1290,1300,1200,1060,909,888,876,873,872,882,CAF,0,0,0
37,Chad,1450,1430,1370,1170,1040,984,931,901,881,856,TCD,0,0,0
38,Chile,57,41,31,27,26,25,24,23,23,22,CHL,0,0,0
39,China,97,72,58,48,35,33,31,29,28,27,CHN,0,0,0
40,Colombia,118,105,97,80,72,69,66,67,66,64,COL,0,0,0
41,Comoros,635,563,499,436,388,376,365,354,344,335,COM,0,0,0
42,Congo,603,634,653,596,509,494,483,469,452,442,COG,0,0,0
43,Congo,603,634,653,596,509,494,483,469,452,442,COD,0,0,0
44,Congo,603,634,653,596,509,494,483,469,452,442,COD,0,0,0
45,Congo (Democratic Republic of the),879,914,874,787,794,777,771,746,717,693,COD,0,0,0
46,Congo (Democratic Republic of the),879,914,874,787,794,777,771,746,717,693,COD,0,0,0
47,Costa Rica,43,44,38,31,29,28,27,26,26,25,CRI,0,0,0
48,Croatia,10,12,11,11,10,10,9,9,9,8,HRV,0,0,0
49,Cuba,58,55,43,41,44,43,41,41,40,39,CUB,0,0,0
50,Cyprus,16,17,15,12,8,7,7,7,7,7,CYP,0,0,0
51,Cyprus,16,17,15,12,8,7,7,7,7,7,CYP,0,0,0
52,Cyprus,16,17,15,12,8,7,7,7,7,7,CYP,0,0,0
53,Cyprus,16,17,15,12,8,7,7,7,7,7,CYP,0,0,0
54,Czechia,14,10,7,6,5,5,4,4,4,4,CZE,0,0,0
55,Côte d'Ivoire,745,711,671,742,717,715,715,688,665,645,CIV,0,0,0
56,Denmark,11,11,9,8,7,8,7,7,7,6,DNK,0,0,0
57,Djibouti,517,452,401,341,275,266,257,243,237,229,DJI,0,0,0
58,Dominican Republic,198,198,79,64,75,115,62,106,98,92,DOM,0,0,0
59,Dominican Republic,198,198,79,64,75,115,62,106,98,92,DOM,0,0,0
60,Dominican Republic,198,198,79,64,75,115,62,106,98,92,DOM,0,0,0
61,Ecuador,185,131,103,74,75,78,74,70,66,64,ECU,0,0,0
62,Egypt,106,83,63,52,40,39,37,35,34,33,EGY,0,0,0
63,El Salvador,157,118,84,68,59,60,57,55,54,54,SLV,0,0,0
64,Equatorial Guinea,1310,1050,702,483,379,364,361,356,351,342,GNQ,0,0,0
65,Eritrea,1590,1100,733,619,579,561,540,533,524,501,ERI,0,0,0
66,Estonia,42,43,26,15,8,10,9,9,9,9,EST,0,0,0
67,Eswatini (Kingdom of),635,537,586,595,436,418,400,413,400,389,SWZ,0,0,0
68,Ethiopia,1250,1080,897,743,523,482,447,410,378,353,GNB,0,0,0
69,Ethiopia,1250,1080,897,743,523,482,447,410,378,353,GNB,0,0,0
70,Ethiopia,1250,1080,897,743,523,482,447,410,378,353,GNB,0,0,0
71,Fiji,63,51,42,39,34,33,33,32,31,30,HKG,0,0,0
72,Fiji,63,51,42,39,34,33,33,32,31,30,HKG,0,0,0
73,Finland,6,5,5,4,3,3,3,3,3,3,IRN,0,0,0
74,Finland,6,5,5,4,3,3,3,3,3,3,IRN,0,0,0
75,France,15,15,12,10,9,9,9,9,9,8,IRQ,0,0,0
76,France,15,15,12,10,9,9,9,9,9,8,IRQ,0,0,0
77,France,15,15,12,10,9,9,9,9,9,8,IRQ,0,0,0
78,Gabon,422,405,405,370,322,317,314,308,295,291,GAB,0,0,0
79,Gambia,1030,977,887,807,753,753,741,730,719,706,GMB,0,0,0
80,Georgia,34,35,37,37,40,39,39,38,37,36,GEO,0,0,0
81,Georgia,34,35,37,37,40,39,39,38,37,36,GEO,0,0,0
82,Georgia,34,35,37,37,40,39,39,38,37,36,GEO,0,0,0
83,Georgia,34,35,37,37,40,39,39,38,37,36,GEO,0,0,0
84,Germany,11,9,8,7,7,7,7,6,6,6,DEU,0,0,0
85,Ghana,634,532,467,376,325,320,324,321,322,319,GHA,0,0,0
86,Greece,5,4,4,3,3,3,3,3,3,3,GRC,0,0,0
87,Grenada,41,37,29,25,27,27,27,27,27,27,GRD,0,0,0
88,Guatemala,205,173,178,120,109,103,105,99,93,88,GTM,0,0,0
89,Guinea,1040,964,976,831,720,711,695,695,688,679,GIN,0,0,0
90,Guinea,1040,964,976,831,720,711,695,695,688,679,GNB,0,0,0
91,Guinea,1040,964,976,831,720,711,695,695,688,679,GNB,0,0,0
92,Guinea,1040,964,976,831,720,711,695,695,688,679,GNB,0,0,0
93,Guinea-Bissau,907,780,800,714,570,563,553,554,553,549,GNB,0,0,0
94,Guinea-Bissau,907,780,800,714,570,563,553,554,553,549,GNB,0,0,0
95,Guinea-Bissau,907,780,800,714,570,563,553,554,553,549,GNB,0,0,0
96,Guyana,171,205,210,232,241,239,239,236,233,229,GUY,0,0,0
97,Haiti,625,544,505,459,389,369,372,370,367,359,HTI,0,0,0
98,Honduras,272,166,133,150,155,149,141,135,132,129,HND,0,0,0
99,Hungary,24,20,15,14,15,16,16,16,16,17,HUN,0,0,0
100,Iceland,7,6,5,4,4,3,3,4,4,3,ISL,0,0,0
101,India,556,471,374,280,215,206,197,189,181,174,IND,0,0,0
102,Indonesia,446,326,265,212,165,156,148,140,133,126,IDN,0,0,0
103,Iran (Islamic Republic of),123,80,51,34,27,27,26,26,26,25,IRN,0,0,0
104,Iran (Islamic Republic of),123,80,51,34,27,27,26,26,26,25,IRN,0,0,0
105,Iraq,107,87,63,54,51,51,51,50,50,50,IRQ,0,0,0
106,Iraq,107,87,63,54,51,51,51,50,50,50,IRQ,0,0,0
107,Iraq,107,87,63,54,51,51,51,50,50,50,IRQ,0,0,0
108,Iraq,107,87,63,54,51,51,51,50,50,50,IRQ,0,0,0
109,Iraq,107,87,63,54,51,51,51,50,50,50,IRQ,0,0,0
110,Iraq,107,87,63,54,51,51,51,50,50,50,IRQ,0,0,0
111,Ireland,11,10,9,8,7,8,8,8,8,8,IRL,0,0,0
112,Israel,11,10,8,7,6,6,5,5,5,5,ISR,0,0,0
113,Italy,8,7,5,4,4,4,4,4,4,4,ITA,0,0,0
114,Jamaica,79,81,89,92,93,93,92,91,90,89,JAM,0,0,0
115,Japan,14,11,10,7,6,6,6,6,6,5,JPN,0,0,0
116,Jordan,110,93,77,62,59,59,59,59,59,58,JOR,0,0,0
117,Kazakhstan,78,92,65,44,20,17,15,13,12,12,KAZ,0,0,0
118,Kazakhstan,78,92,65,44,20,17,15,13,12,12,KAZ,0,0,0
119,Kazakhstan,78,92,65,44,20,17,15,13,12,12,KAZ,0,0,0
120,Kazakhstan,78,92,65,44,20,17,15,13,12,12,KAZ,0,0,0
121,Kenya,687,698,759,728,605,584,562,540,525,510,KEN,0,0,0
122,Kiribati,234,207,166,135,109,105,101,96,93,90,KIR,0,0,0
123,Korea (Democratic People's Rep. of),75,81,128,105,97,95,91,87,85,82,PRK,0,0,0
124,Korea (Republic of),21,19,16,14,15,14,13,12,12,11,KOR,0,0,0
125,Kuwait,7,9,7,6,5,4,4,4,4,4,KWT,0,0,0
126,Kyrgyzstan,80,92,74,85,84,87,81,79,77,76,KGZ,0,0,0
127,Lao People's Democratic Republic,905,695,546,418,294,271,250,230,213,197,LAO,0,0,0
128,Latvia,48,54,30,22,19,21,18,18,18,18,LVA,0,0,0
129,Lebanon,74,54,42,27,19,18,17,16,16,15,LBN,0,0,0
130,Lesotho,629,525,649,746,587,555,549,532,513,487,LSO,0,0,0
131,Liberia,1500,1800,1270,1020,811,798,787,762,741,725,LBR,0,0,0
132,Libya,39,25,17,11,9,9,9,9,9,9,LBY,0,0,0
133,Lithuania,29,28,16,12,9,11,10,10,10,10,LTU,0,0,0
134,Luxembourg,12,13,13,13,11,11,11,10,10,10,LUX,0,0,0
135,Madagascar,778,644,536,508,436,420,402,384,369,353,MDG,0,0,0
136,Malawi,957,953,890,648,629,618,624,636,638,634,MWI,0,0,0
137,Malaysia,79,68,58,52,48,47,45,43,41,40,MYS,0,0,0
138,Maldives,677,340,163,101,87,82,76,70,69,68,MDV,0,0,0
139,Mali,1010,911,834,714,630,617,617,610,601,587,MLI,0,0,0
140,Malta,13,14,15,13,11,11,11,9,9,9,MLT,0,0,0
141,Mauritania,859,824,813,750,723,704,682,655,629,602,MRT,0,0,0
142,Mauritius,81,60,40,39,59,51,54,54,54,53,MUS,0,0,0
143,Mexico,90,85,77,54,45,42,42,41,39,38,MEX,0,0,0
144,Micronesia (Federated States of),183,166,153,134,115,110,107,104,102,100,FSM,0,0,0
145,Moldova (Republic of),51,66,49,39,34,25,26,24,24,23,MDA,0,0,0
146,Mongolia,186,205,161,95,63,58,53,49,46,44,MNG,0,0,0
147,Montenegro,10,12,11,9,8,7,8,7,7,7,MNE,0,0,0
148,Morocco,317,257,221,190,153,144,137,131,126,121,MAR,0,0,0
149,Mozambique,1390,1150,915,762,619,596,563,528,506,489,MOZ,0,0,0
150,Myanmar,453,376,308,248,205,201,195,189,184,178,MMR,0,0,0
151,Namibia,338,320,352,390,319,315,299,283,273,265,NAM,0,0,0
152,Nepal,901,660,548,444,349,328,308,291,275,258,NPL,0,0,0
153,Netherlands,12,13,14,11,8,8,7,7,7,7,NLD,0,0,0
154,New Zealand,18,15,12,14,13,12,12,12,11,11,NZL,0,0,0
155,Nicaragua,173,212,202,190,166,153,164,159,154,150,NIC,0,0,0
156,Niger,873,828,794,723,657,635,619,596,574,553,NER,0,0,0
157,Nigeria,1350,1250,1170,946,867,824,819,821,820,814,NGA,0,0,0
158,Norway,7,7,7,7,6,6,5,5,5,5,NOR,0,0,0
159,Oman,30,20,20,20,18,18,18,18,18,17,OMN,0,0,0
160,Pakistan,431,363,306,249,211,204,197,190,184,178,PAK,0,0,0
162,Panama,102,94,82,87,101,102,101,99,97,94,PAN,0,0,0
163,Papua New Guinea,470,377,342,277,238,231,227,224,220,215,PNG,0,0,0
164,Paraguay,150,147,158,159,139,145,139,136,134,132,PRY,0,0,0
165,Peru,251,206,140,114,92,85,75,72,70,68,PER,0,0,0
166,Philippines,152,122,124,127,129,127,126,121,117,114,PHL,0,0,0
167,Poland,17,13,8,6,4,3,3,3,3,3,POL,0,0,0
168,Portugal,17,15,13,12,11,10,11,10,10,10,PRT,0,0,0
169,Qatar,29,28,24,21,16,15,14,13,13,13,QAT,0,0,0
170,Romania,124,77,51,33,30,30,30,31,31,31,ROU,0,0,0
171,Russian Federation,63,82,57,42,29,27,26,25,25,25,RUS,0,0,0
172,Russian Federation,63,82,57,42,29,27,26,25,25,25,RUS,0,0,0
173,Russian Federation,63,82,57,42,29,27,26,25,25,25,RUS,0,0,0
174,Russian Federation,63,82,57,42,29,27,26,25,25,25,RUS,0,0,0
175,Rwanda,1300,1260,1020,567,381,361,336,318,304,290,RWA,0,0,0
176,Saint Lucia,45,43,54,67,54,52,50,49,49,48,LCA,0,0,0
177,Saint Vincent and the Grenadines,58,81,74,50,50,48,47,46,45,45,VCT,0,0,0
178,Samoa,156,119,93,77,64,61,59,56,53,51,WSM,0,0,0
179,Sao Tome and Principe,330,263,222,181,162,161,162,161,159,156,STP,0,0,0
180,Saudi Arabia,46,33,23,18,14,13,13,12,12,12,SAU,0,0,0
181,Senegal,540,509,488,427,375,365,351,335,323,315,SEN,0,0,0
182,Serbia,14,15,17,15,16,16,16,17,17,17,SRB,0,0,0
183,Sierra Leone,2630,2900,2650,1990,1630,1580,1510,1460,1410,1360,SLE,0,0,0
184,Singapore,12,13,18,16,11,12,12,11,10,10,SGP,0,0,0
185,Slovakia,11,9,8,7,6,6,6,6,6,6,SVK,0,0,0
186,Slovenia,12,12,12,11,9,9,8,9,9,9,SVN,0,0,0
187,Solomon Islands,364,273,214,164,136,131,126,122,118,114,SLB,0,0,0
188,Somalia,1210,1190,1080,939,820,808,791,775,753,732,SOM,0,0,0
189,South Africa,108,62,85,112,154,154,152,145,140,138,ZAF,0,0,0
190,South Sudan,1730,1530,1310,1090,876,869,857,841,823,789,SSD,0,0,0
191,Spain,6,6,5,5,5,5,5,5,5,5,ESP,0,0,0
192,Sri Lanka,75,70,57,43,35,33,32,32,31,30,LKA,0,0,0
193,Sudan,744,648,544,440,349,339,330,325,318,311,SDN,0,0,0
194,Suriname,127,177,259,223,169,157,155,162,158,155,SUR,0,0,0
195,Sweden,8,6,5,5,4,4,4,4,4,4,SWE,0,0,0
196,Switzerland,8,8,7,7,6,6,6,5,5,5,CHE,0,0,0
197,Syrian Arab Republic,123,89,73,58,49,52,56,60,64,68,SYR,0,0,0
198,Tajikistan,107,129,68,46,35,35,34,34,33,32,TJK,0,0,0
199,Tanzania (United Republic of),997,961,842,687,514,483,464,438,418,398,TZA,0,0,0
200,Thailand,40,23,25,26,23,22,22,21,21,20,THA,0,0,0
202,Timor-Leste,1080,897,694,506,317,289,267,248,231,215,TLS,0,0,0
203,Togo,568,563,491,427,393,396,391,386,378,368,TGO,0,0,0
204,Tonga,75,100,97,114,130,133,135,131,127,124,TON,0,0,0
205,Trinidad and Tobago,90,77,62,62,65,65,63,64,63,63,TTO,0,0,0
206,Tunisia,131,112,84,74,67,66,64,64,63,62,TUN,0,0,0
207,Turkey,97,86,79,57,23,21,19,18,17,16,TUR,0,0,0
208,Turkey,97,86,79,57,23,21,19,18,17,16,TUR,0,0,0
209,Turkey,97,86,79,57,23,21,19,18,17,16,TUR,0,0,0
210,Turkey,97,86,79,57,23,21,19,18,17,16,TUR,0,0,0
211,Turkmenistan,82,74,59,53,46,46,45,44,43,42,TKM,0,0,0
212,Uganda,687,684,620,504,420,408,395,372,356,343,UGA,0,0,0
213,Ukraine,46,52,34,30,26,25,25,24,24,24,UKR,0,0,0
214,United Arab Emirates,17,12,8,6,6,6,6,6,6,6,ARE,0,0,0
215,United Kingdom,10,11,12,12,10,10,10,9,9,9,GBR,0,0,0
216,United States,12,12,12,13,14,14,14,14,14,14,USA,0,0,0
217,Uruguay,37,36,31,26,19,17,16,16,15,15,URY,0,0,0
218,Uzbekistan,54,32,34,42,39,38,38,37,37,36,UZB,0,0,0
219,Vanuatu,225,184,144,116,94,91,87,84,81,78,VUT,0,0,0
220,Venezuela (Bolivarian Republic of),94,90,90,93,99,99,98,98,97,95,VEN,0,0,0
221,Viet Nam,139,107,81,61,58,56,56,55,54,54,VNM,0,0,0
222,Yemen,547,498,440,428,416,413,410,406,398,385,YEM,0,0,0
223,Zambia,577,596,541,372,262,251,243,237,231,224,ZMB,0,0,0
224,Zimbabwe,440,449,590,629,446,409,379,369,401,443,ZWE,0,0,0
225,Andorra,0,0,0,0,0,0,0,0,0,0,AND,0,0,0
226,Antigua and Barbuda,0,0,0,0,0,0,0,0,0,0,ATG,0,0,0
227,Dominica,0,0,0,0,0,0,0,0,0,0,DMA,0,0,0
229,Liechtenstein,0,0,0,0,0,0,0,0,0,0,LIE,0,0,0
230,Marshall Islands,0,0,0,0,0,0,0,0,0,0,MHL,0,0,0
231,Monaco,0,0,0,0,0,0,0,0,0,0,MCO,0,0,0
232,Nauru,0,0,0,0,0,0,0,0,0,0,NRU,0,0,0
233,Palau,0,0,0,0,0,0,0,0,0,0,PLW,0,0,0
234,Saint Kitts and Nevis,0,0,0,0,0,0,0,0,0,0,KNA,0,0,0
235,San Marino,0,0,0,0,0,0,0,0,0,0,SMR,0,0,0
236,Seychelles,0,0,0,0,0,0,0,0,0,0,SYC,0,0,0
237,Tuvalu,0,0,0,0,0,0,0,0,0,0,TUV,0,0,0
0,Afghanistan,0,2.04,1.35,1.79,1.75,1.71,1.77,1.72,1.71,1.68,AFG,1.63,1.59,1.26
1,Albania,0,1.51,1.61,1.23,0.94,0.93,0.91,0.75,0.79,1.01,ALB,0.93,0.93,1.5
2,Algeria,0,2.43,2.35,2.16,2.38,1.98,1.78,1.96,1.88,1.67,DZA,2.05,2.07,2.47
3,Angola,0,1.18,1.16,1.18,1.12,1.1,1.1,1.1,1.1,1.1,AGO,1.11,1.13,1.15
4,Argentina,0,1.43,1.4,1.37,1.3,1.42,1.66,1.73,1.36,1.42,ARG,1.4,1.49,1.47
5,Armenia,0,1.21,1.22,1.21,1.25,1.15,1.12,1.28,1.23,1.11,ARM,1.2,1.23,1.22
6,Armenia,0,1.21,1.22,1.21,1.25,1.15,1.12,1.28,1.23,1.11,ARM,1.2,1.23,1.22
7,Armenia,0,1.21,1.22,1.21,1.25,1.15,1.12,1.28,1.23,1.11,ARM,1.2,1.23,1.22
8,Armenia,0,1.21,1.22,1.21,1.25,1.15,1.12,1.28,1.23,1.11,ARM,1.2,1.23,1.22
9,Australia,0,0.92,0.94,1.06,1.06,1.08,1.04,0.98,1.03,1,AUS,1.02,1.04,0.93
10,Austria,0,1.26,0.96,1.05,0.92,1,0.96,0.98,0.93,0.87,AUT,0.86,0.86,1.09
11,Azerbaijan,0,1.33,1.4,1.39,1.35,1.48,1.42,1.44,1.48,1.44,AZE,1.38,1.29,1.54
12,Azerbaijan,0,1.33,1.4,1.39,1.35,1.48,1.42,1.44,1.48,1.44,AZE,1.38,1.29,1.54
13,Azerbaijan,0,1.33,1.4,1.39,1.35,1.48,1.42,1.44,1.48,1.44,AZE,1.38,1.29,1.54
14,Azerbaijan,0,1.33,1.4,1.39,1.35,1.48,1.42,1.44,1.48,1.44,AZE,1.38,1.29,1.54
15,Bahamas,0,1.16,1.46,1.18,0.98,1.11,0.96,1.13,1.13,1.11,BHS,1.22,1.2,0.96
16,Bahrain,0,2.34,2.52,7.21,7.4,8.2,7.6,7.8,7.8,7.6,BHR,8.2,8.6,2.23
17,Bangladesh,0,0.81,0.85,2.06,1.35,1.53,1.7,2.09,2.12,2.18,BGD,2.25,2.12,1.45
18,Barbados,0,1.39,1.59,1.3,0.94,0.96,0.97,0.97,1.09,0.88,BRB,1.07,1.09,1.31
19,Belarus,0,1,1,1,1,1,1,1,1,1,BLR,1,1,1.43
20,Belgium,0,1.67,1.57,1.25,1.05,1.01,0.96,0.95,0.88,0.86,BEL,0.94,0.93,2.3
21,Belize,0,2.23,2.18,2.15,2.51,2.48,2.46,2.74,3.18,2.24,BLZ,3.21,3.25,0.49
22,Benin,0,0.28,0.36,0.8,1.33,1.21,1.21,1.21,1.21,1.17,BEN,1.22,1.17,0.27
23,Bhutan,0,1.42,1.4,1.42,1.56,2.45,1.16,1.65,1.85,1.89,BTN,1.74,1.74,1.42
24,Bolivia (Plurinational State of),0,1.21,1.56,1.34,1.48,1.42,1.87,1.45,2,1.46,BOL,1.46,1.46,1.49
25,Bosnia and Herzegovina,0,1.17,1.21,1.19,1.24,1.24,1.24,1.24,1.24,0.86,BIH,2.27,2.09,1.22
26,Botswana,0,1.44,1.17,1.37,1.48,1.48,1.48,1.49,1.48,1.48,BWA,1.48,1.46,1.5
27,Brazil,0,1.45,1.6,1.64,1.78,1.88,1.57,1.54,1.45,1.4,BRA,1.32,1.35,1.66
28,Brunei Darussalam,0,1.4,1.42,1.37,1.31,1.31,1.32,1.31,1.33,1.32,BRN,1.31,1.3,1.46
29,Bulgaria,0,0.95,0.95,0.95,0.88,0.82,0.8,0.86,0.85,0.86,BGR,0.86,0.87,0.98
30,Burkina Faso,0,1.17,1.12,1.13,1.77,1.94,2.05,2.23,2.32,2.32,BFA,2.33,2.22,1.17
31,Burundi,0,0.5,0.52,0.55,0.52,0.55,0.55,0.58,0.55,0.52,BDI,0.52,0.55,0.55
32,Cabo Verde,0,1.2,1.2,1.16,1.15,1.15,1.15,1.15,1.14,1.14,CPV,1.16,1.16,1.2
33,Cambodia,0,0.89,0.92,0.82,0.75,1,1,1,1,1,KHM,1,1,0.89
34,Cameroon,0,1.43,1.45,1.47,1.4,1.44,1.45,1.48,1.51,1.49,CMR,1.49,1.49,1.44
35,Canada,0,0.93,0.97,0.93,0.82,0.88,0.88,0.88,0.86,0.84,CAN,0.81,0.8,0.9
36,Central African Republic,0,1.19,1.19,1.19,1.19,1.19,1.19,1.15,1.21,1.19,CAF,1.21,1.24,1.18
37,Chad,0,1.38,1.4,1.42,1.44,1.4,1.42,1.42,1.4,1.4,TCD,1.39,1.4,1.44
38,Chile,0,1.33,1.16,1.4,1.35,1.41,1.46,1.31,1.14,1.2,CHL,1.16,1.15,1.14
39,China,0,0.84,0.82,0.82,0.8,0.79,0.8,0.8,0.78,0.78,CHN,0.8,0.84,0.86
40,Colombia,0,1.79,1.68,1.71,1.64,1.65,1.68,1.64,1.68,1.73,COL,1.58,1.58,1.68
41,Comoros,0,1.09,1.09,1.09,1.09,1.12,1.12,1.12,1.12,1.12,COM,1.12,1.15,1.09
42,Congo,0,1.12,1.14,1.15,1.15,1.15,1.15,1.15,1.15,1.14,COG,1.13,1.14,1.11
43,Congo,0,1.12,1.14,1.15,1.15,1.15,1.15,1.15,1.15,1.14,COD,1.13,1.14,1.11
44,Congo,0,1.12,1.14,1.15,1.15,1.15,1.15,1.15,1.15,1.14,COD,1.13,1.14,1.11
45,Congo (Democratic Republic of the),0,1.43,1.43,1.43,1.47,1.47,1.47,1.47,1.47,1.42,COD,1.39,1.39,1.4
46,Congo (Democratic Republic of the),0,1.43,1.43,1.43,1.47,1.47,1.47,1.47,1.47,1.42,COD,1.39,1.39,1.4
47,Costa Rica,0,1.49,1.56,1.88,1.49,1.53,1.4,1.4,1.59,1.59,CRI,1.6,1.59,1.56
48,Croatia,0,1.17,1.2,1.21,1.12,1,1.01,0.95,1.11,1.08,HRV,1.1,1.1,1.01
49,Cuba,0,1.29,1.31,1.29,1.13,1.32,1.32,1.34,1.33,1.27,CUB,1.27,1.3,1.33
50,Cyprus,0,1.24,2.24,1.39,1.03,0.92,0.88,0.9,0.87,0.96,CYP,1.06,1.06,0.9
51,Cyprus,0,1.24,2.24,1.39,1.03,0.92,0.88,0.9,0.87,0.96,CYP,1.06,1.06,0.9
52,Cyprus,0,1.24,2.24,1.39,1.03,0.92,0.88,0.9,0.87,0.96,CYP,1.06,1.06,0.9
53,Cyprus,0,1.24,2.24,1.39,1.03,0.92,0.88,0.9,0.87,0.96,CYP,1.06,1.06,0.9
54,Czechia,0,1.41,1.42,1.51,1.33,1.36,1.37,1.41,1.45,1.45,CZE,1.38,1.39,0.8
55,Côte d'Ivoire,0,1.65,1.63,1.59,1.6,1.63,1.65,1.61,1.64,1.67,CIV,1.62,1.57,1.66
56,Denmark,0,1.54,1.22,1.21,0.77,0.97,1,1.07,1.06,1.08,DNK,1.14,1.15,1.21
57,Djibouti,0,1.29,1.28,1.28,1.27,1.27,1.25,1.26,1.26,1.26,DJI,1.29,1.29,1.29
58,Dominican Republic,0,2.04,2.06,2.02,1.84,1.91,1.96,2.19,2.21,2.37,DOM,2.16,2.16,2.04
59,Dominican Republic,0,2.04,2.06,2.02,1.84,1.91,1.96,2.19,2.21,2.37,DOM,2.16,2.16,2.04
60,Dominican Republic,0,2.04,2.06,2.02,1.84,1.91,1.96,2.19,2.21,2.37,DOM,2.16,2.16,2.04
61,Ecuador,0,1.77,2.15,1.95,1.46,1.52,1.39,1.37,1.4,1.5,ECU,1.59,1.59,1.8
62,Egypt,0,3.51,4.06,3.68,3.34,2.67,2.77,2.65,2.71,2.87,EGY,2.92,2.98,3.6
63,El Salvador,0,0.76,0.75,0.73,0.78,0.69,0.79,0.87,0.63,0.8,SLV,0.78,0.78,0.79
64,Equatorial Guinea,0,1.25,1.29,1.17,1.13,1.17,1.17,1.15,1.18,1.18,GNQ,1.12,1.09,1.19
65,Eritrea,0,1.21,1.15,1.15,1.16,1.16,1.16,1.15,1.16,1.16,ERI,1.17,1.17,1.14
66,Estonia,0,0.86,0.77,0.75,0.73,0.89,0.83,0.89,0.86,0.97,EST,0.82,0.82,1.07
67,Eswatini (Kingdom of),0,1.14,1.09,1.07,1.04,1.04,1.04,1.04,1.04,1.04,SWZ,1.04,1.04,1.13
68,Ethiopia,0,2.75,2.74,2.96,2.6,2.57,2.5,2.4,2.4,2.4,GNB,2.39,2.42,2.67
69,Ethiopia,0,2.75,2.74,2.96,2.6,2.57,2.5,2.4,2.4,2.4,GNB,2.39,2.42,2.67
70,Ethiopia,0,2.75,2.74,2.96,2.6,2.57,2.5,2.4,2.4,2.4,GNB,2.39,2.42,2.67
71,Fiji,0,1.71,1.69,1.76,1.71,1.7,1.7,1.71,1.74,1.71,HKG,1.72,1.71,1.73
72,Fiji,0,1.71,1.69,1.76,1.71,1.7,1.7,1.71,1.74,1.71,HKG,1.72,1.71,1.73
73,Finland,0,0.91,1.14,1.05,0.83,0.84,0.84,0.85,0.85,0.89,IRN,0.94,0.95,0.64
74,Finland,0,0.91,1.14,1.05,0.83,0.84,0.84,0.85,0.85,0.89,IRN,0.94,0.95,0.64
75,France,0,1.39,1.42,1.19,1.05,1.06,1,0.98,0.95,0.92,IRQ,0.97,0.96,1.59
76,France,0,1.39,1.42,1.19,1.05,1.06,1,0.98,0.95,0.92,IRQ,0.97,0.96,1.59
77,France,0,1.39,1.42,1.19,1.05,1.06,1,0.98,0.95,0.92,IRQ,0.97,0.96,1.59
78,Gabon,0,0.85,1.02,1.23,1.98,1.97,1.99,1.99,1.99,2,GAB,1.94,1.9,0.79
79,Gambia,0,1.9,1.91,1.85,1.88,1.83,1.87,1.84,1.84,1.87,GMB,1.84,1.84,1.88
80,Georgia,0,1.04,0.93,0.86,0.8,0.78,0.86,0.74,0.74,0.77,GEO,0.63,0.65,0.78
81,Georgia,0,1.04,0.93,0.86,0.8,0.78,0.86,0.74,0.74,0.77,GEO,0.63,0.65,0.78
82,Georgia,0,1.04,0.93,0.86,0.8,0.78,0.86,0.74,0.74,0.77,GEO,0.63,0.65,0.78
83,Georgia,0,1.04,0.93,0.86,0.8,0.78,0.86,0.74,0.74,0.77,GEO,0.63,0.65,0.78
84,Germany,0,1.35,1.08,0.96,0.88,0.93,0.93,0.89,0.87,0.84,DEU,0.82,0.85,1.48
85,Ghana,0,1.22,1.06,1.14,1.16,1.14,1.15,1.2,1.15,1.15,GHA,1.19,1.18,1.21
86,Greece,0,2.16,2.25,2.46,1.61,1.41,1.31,1.28,1.27,1.33,GRC,1.42,1.43,2.61
87,Guatemala,0,1.8,1.82,1.79,1.26,2.28,1.5,1.45,1.48,1.91,GTM,1.7,1.73,1.84
88,Guinea,0,0.64,0.63,0.63,0.63,0.64,0.64,0.63,0.64,0.64,GIN,0.64,0.64,0.62
89,Guinea,0,0.64,0.63,0.63,0.63,0.64,0.64,0.63,0.64,0.64,GNB,0.64,0.64,0.62
90,Guinea,0,0.64,0.63,0.63,0.63,0.64,0.64,0.63,0.64,0.64,GNB,0.64,0.64,0.62
91,Guinea,0,0.64,0.63,0.63,0.63,0.64,0.64,0.63,0.64,0.64,GNB,0.64,0.64,0.62
92,Guinea-Bissau,0,1.17,1.16,1.2,1.19,1.19,1.17,1.17,1.19,1.19,GNB,1.2,1.2,1.19
93,Guinea-Bissau,0,1.17,1.16,1.2,1.19,1.19,1.17,1.17,1.19,1.19,GNB,1.2,1.2,1.19
94,Guinea-Bissau,0,1.17,1.16,1.2,1.19,1.19,1.17,1.17,1.19,1.19,GNB,1.2,1.2,1.19
95,Guyana,0,1.93,1.59,1.64,1.83,1.84,1.84,1.85,1.81,1.81,GUY,1.78,1.77,2.12
96,Haiti,0,1.35,1.32,1.33,1.3,1.31,1.31,1.31,1.3,1.3,HTI,1.29,1.29,1.36
97,Honduras,0,1.73,1.69,1.59,1.62,1.66,1.73,1.49,1.54,1.91,HND,1.37,1.39,1.73
99,Hungary,0,0.77,0.81,1.06,0.92,0.99,0.94,0.99,1.04,1.06,HUN,1,1,0.79
100,Iceland,0,0.89,2,0.96,0.82,0.8,0.91,0.9,0.92,1,ISL,1.07,1.04,1.26
101,India,0,1.11,0.95,1.22,1.33,1.3,1.24,1.31,1.28,1.27,IND,1.27,1.27,1.05
102,Indonesia,0,1.19,1.1,1.42,1.25,1.14,1.12,0.98,0.95,1,IDN,0.84,0.87,1.21
103,Iran (Islamic Republic of),0,1.87,1.81,1.75,1.75,1.72,1.7,1.68,2.23,2.08,IRN,1.96,1.96,1.97
104,Iran (Islamic Republic of),0,1.87,1.81,1.75,1.75,1.72,1.7,1.68,2.23,2.08,IRN,1.96,1.96,1.97
105,Iraq,0,1.58,1.7,1.9,2.09,2.09,2.09,2.09,2.1,2.06,IRQ,2.04,1.93,1.58
106,Iraq,0,1.58,1.7,1.9,2.09,2.09,2.09,2.09,2.1,2.06,IRQ,2.04,1.93,1.58
107,Iraq,0,1.58,1.7,1.9,2.09,2.09,2.09,2.09,2.1,2.06,IRQ,2.04,1.93,1.58
108,Iraq,0,1.58,1.7,1.9,2.09,2.09,2.09,2.09,2.1,2.06,IRQ,2.04,1.93,1.58
109,Iraq,0,1.58,1.7,1.9,2.09,2.09,2.09,2.09,2.1,2.06,IRQ,2.04,1.93,1.58
110,Iraq,0,1.58,1.7,1.9,2.09,2.09,2.09,2.09,2.1,2.06,IRQ,2.04,1.93,1.58
111,Ireland,0,1.02,0.98,0.87,0.58,0.61,0.63,0.72,0.73,0.71,IRL,0.72,0.73,1.08
112,Israel,0,1.47,1,1.04,0.9,0.96,1.03,1,1,1.06,ISR,1.06,1.05,1.46
113,Italy,0,1.76,1.76,1.61,1.28,1.28,1.21,1.14,1.16,1.12,ITA,1.17,1.19,2.32
114,Jamaica,0,1.69,1.71,1.72,1.68,1.68,1.32,1.56,1.75,1.78,JAM,1.65,1.66,1.65
115,Japan,0,1.03,0.92,0.91,0.85,0.88,0.87,0.86,0.92,0.83,JPN,0.88,0.87,1.1
116,Jordan,0,1.99,1.97,1.99,2.09,1.97,2.03,2.09,2.08,2.06,JOR,1.96,1.95,1.98
117,Kazakhstan,0,1.43,1.44,1.43,1.35,1.35,1.58,1.28,1.37,1.36,KAZ,1.38,1.33,1.3
118,Kazakhstan,0,1.43,1.44,1.43,1.35,1.35,1.58,1.28,1.37,1.36,KAZ,1.38,1.33,1.3
119,Kazakhstan,0,1.43,1.44,1.43,1.35,1.35,1.58,1.28,1.37,1.36,KAZ,1.38,1.33,1.3
120,Kazakhstan,0,1.43,1.44,1.43,1.35,1.35,1.58,1.28,1.37,1.36,KAZ,1.38,1.33,1.3
121,Kenya,0,1.9,1.9,1.85,1.86,1.87,1.87,1.9,1.91,1.9,KEN,1.94,1.94,1.92
122,Korea (Democratic People's Rep. of),0,0.66,0.69,0.68,0.69,0.7,0.68,0.68,0.68,0.7,PRK,0.71,0.73,0.67
123,Korea (Republic of),0,0.67,0.7,0.82,0.82,0.81,0.85,0.85,0.94,0.95,KOR,0.95,0.92,0.68
124,Kuwait,0,0.65,1.13,1.05,1.29,1.14,1.24,1.25,1.3,1.72,KWT,1.61,1.56,1
125,Kyrgyzstan,0,1.33,1.27,1.23,1.29,1.3,1.23,1.31,1.36,1.39,KGZ,1.42,1.4,1.29
126,Lao People's Democratic Republic,0,0.93,0.9,0.93,0.88,0.75,0.75,0.86,0.86,0.86,LAO,0.86,0.86,0.93
127,Latvia,0,0.84,0.89,0.99,0.72,0.74,0.87,0.89,0.83,0.78,LVA,0.77,0.77,0.81
128,Lebanon,0,1.26,1.24,1.39,1.34,1.32,1.32,1.29,1.29,1.28,LBN,1.25,1.27,1.36
129,Lesotho,0,1.28,1.71,1.14,1.33,1.2,1.31,1.22,1.22,1.19,LSO,1.18,1.21,1.45
130,Liberia,0,0.59,0.63,0.61,1.04,1.04,1.04,1.04,1,1,LBR,0.96,1,0.59
131,Libya,0,1.58,1.6,1.59,1.53,1.37,1.73,1.73,1.73,1.72,LBY,1.7,1.86,1.74
132,Lithuania,0,0.79,0.75,1.05,0.68,0.72,0.76,0.8,0.75,0.81,LTU,0.72,0.73,0.78
133,Luxembourg,0,2.1,1.72,1.66,1.34,1.66,1.28,1.16,0.95,1.2,LUX,1.1,1.09,1.91
134,Madagascar,0,1.09,1.11,1.09,1.08,1.09,1,1,1.09,1.12,MDG,1.12,1.12,1.07
135,Malawi,0,1.47,1.41,1.4,1.39,1.38,1.38,1.35,1.38,1.38,MWI,1.37,1.37,1.45
136,Malaysia,0,1.24,1.21,1.21,1.13,1.1,1.1,1.17,1.19,1.17,MYS,1.29,1.26,1.29
137,Maldives,0,2.17,1.69,1.14,1.26,1.28,1.14,1.24,1.27,1.28,MDV,1.28,1.3,2.33
138,Mali,0,1.32,1.35,1.34,1.79,1.33,1.32,1.33,0.95,1.18,MLI,1.18,1.19,1.37
139,Malta,0,1.12,1.06,1.33,1.07,1.18,1.28,0.97,0.87,0.94,MLT,1.18,1.18,1.06
140,Mauritania,0,1.28,1.24,1.25,1.21,1.21,1.21,1.2,1.21,1.2,MRT,1.21,1.23,1.25
141,Mauritius,0,1.79,2.6,2.85,2.8,2.4,2.43,2.51,2.13,2.11,MUS,2.33,2.34,1.75
142,Mexico,0,1.45,1.5,1.15,0.96,1,1,1.02,1.02,1.07,MEX,1.05,1.03,1.61
143,Moldova (Republic of),0,0.73,0.63,0.7,0.64,0.73,0.63,0.7,0.67,0.66,MDA,0.54,0.52,0.72
144,Mongolia,0,0.93,0.92,0.89,0.83,0.88,0.83,1.13,0.88,0.81,MNG,0.72,0.75,0.93
145,Montenegro,0,0.94,0.97,0.94,0.96,1.03,0.92,0.92,1.02,0.9,MNE,0.92,0.92,0.91
146,Morocco,0,1.07,0.98,1.07,1.11,1.23,1.15,1.04,1.07,1.11,MAR,1.08,1.11,1.08
147,Mozambique,0,1.24,1.23,1.25,1.2,1.19,1.18,1.18,1.17,1.17,MOZ,1.18,1.18,1.2
148,Myanmar,0,1.38,1.38,1.43,1.29,1.29,1.29,1.29,1.29,1.29,MMR,1.29,1.29,1.38
149,Namibia,0,1.28,1.26,1.25,1.23,1.22,1.3,1.18,1.21,1.19,NAM,1.13,1.14,1.28
150,Nepal,0,0.69,0.8,0.71,0.72,0.7,0.76,0.74,0.74,0.72,NPL,0.72,0.72,0.73
151,Netherlands,0,1.43,1.59,1.16,1.02,1.17,1.13,1.01,1.1,1.12,NLD,1.16,1.18,1.77
152,New Zealand,0,1,0.95,1.17,1.08,1.05,1.08,1.23,1.27,1.2,NZL,1.15,1.18,0.86
153,Nicaragua,0,1.13,1.1,1.13,1.11,1.1,1.09,1.1,1.41,1.41,NIC,1.36,1.33,1.63
154,Niger,0,0.52,0.52,0.54,0.55,0.5,0.5,0.5,0.5,0.5,NER,0.5,0.5,0.54
155,Nigeria,0,1.02,1.05,1.02,0.95,0.93,0.92,0.9,0.82,0.83,NGA,0.82,0.82,0.94
156,Norway,0,0.97,0.92,0.91,0.71,0.88,0.72,0.89,0.86,0.87,NOR,0.72,0.73,0.86
157,Oman,0,2.84,2.74,2.69,2.33,2.3,2.3,2.34,2.39,2.41,OMN,2.37,2.3,2.85
158,Pakistan,0,3.74,2.86,2,1,0.88,1.17,1.25,1.11,2.21,PAK,2.23,2.19,3.95
160,Panama,0,1.54,1.55,1.53,1.62,1.19,1.43,1.64,1.52,1.64,PAN,1.45,1.47,1.58
161,Papua New Guinea,0,0.49,0.49,0.48,0.48,0.49,0.49,0.49,0.47,0.47,PNG,0.47,0.47,0.5
162,Paraguay,0,1.61,1.56,1.49,1.69,1.86,1.77,1.25,1.79,1.16,PRY,1.58,1.6,1.66
163,Peru,0,1.21,1.19,1.02,1.19,1.09,1.25,1.2,1.11,1,PER,1.03,1.03,1.22
164,Philippines,0,1.23,1.2,1.2,1.09,1.15,1.12,1.15,1.06,1.14,PHL,1.11,1.11,1.26
165,Poland,0,1.19,1.24,1.15,1.07,1.16,1.16,1.14,1.13,1.05,POL,1.02,1.02,1.2
166,Portugal,0,1.2,1.52,1.28,1.21,1.05,0.99,1.02,1.06,1.06,PRT,1.02,1.03,2.15
167,Qatar,0,5.46,14.13,5.56,13,17,12.5,16,11,8,QAT,7,7,7.24
168,Romania,0,1.15,0.84,0.82,0.82,0.84,0.82,0.82,0.82,0.79,ROU,0.76,0.76,0.82
169,Russian Federation,0,0.97,0.96,0.86,0.86,0.87,0.88,0.88,0.87,0.91,RUS,0.91,0.91,0.87
170,Russian Federation,0,0.97,0.96,0.86,0.86,0.87,0.88,0.88,0.87,0.91,RUS,0.91,0.91,0.87
171,Russian Federation,0,0.97,0.96,0.86,0.86,0.87,0.88,0.88,0.87,0.91,RUS,0.91,0.91,0.87
172,Russian Federation,0,0.97,0.96,0.86,0.86,0.87,0.88,0.88,0.87,0.91,RUS,0.91,0.91,0.87
173,Rwanda,0,0.57,1,1.43,1.4,1.41,1.46,1.37,1.18,1.18,RWA,1.18,1.17,1
174,Saint Lucia,0,1.33,1.31,1.31,1.28,1.27,1.27,1.27,1.26,1.26,LCA,1.17,1.18,1.33
175,Saint Vincent and the Grenadines,0,1.19,1.19,1.18,1.17,1.17,1.17,1.16,1.16,1.15,VCT,1.14,1.14,1.2
176,Samoa,0,1.34,1.33,1.39,1.25,1.25,1.33,1.33,1.33,1.35,WSM,1.36,1.34,1.32
177,Sao Tome and Principe,0,1.25,1.25,1.26,1.25,1.26,1.27,1.27,1.27,1.27,STP,1.26,1.25,1.26
178,Saudi Arabia,0,3.29,2.4,4.07,4.97,5.5,7.67,7.36,7.71,8.68,SAU,5.47,5.29,2.91
179,Senegal,0,1.58,1.54,1.67,1.7,1.71,1.57,1.45,1.24,1.02,SEN,1.02,1.06,1.58
180,Serbia,0,1.17,1.16,1.51,1.09,1.06,1.07,1.15,1.1,1.11,SRB,1.1,1.12,1.14
181,Sierra Leone,0,0.48,0.5,0.51,0.62,0.63,0.67,0.69,0.68,0.7,SLE,0.7,0.7,0.48
182,Singapore,0,1.06,1.08,1.15,1.06,1.07,1.07,1.07,1.07,1,SGP,1.06,1.05,1
183,Slovakia,0,1.09,0.95,1.11,1.03,1,1.07,1.04,1.06,1.25,SVK,1.23,1.22,1.11
184,Slovenia,0,0.94,1.04,1.16,0.96,1.01,1.13,1.16,1.19,1.24,SVN,1.15,1.16,0.75
185,Solomon Islands,0,1.09,1.09,1.09,1.1,1.1,1.05,1.05,1.05,1.05,SLB,1.05,1.1,1.14
186,Somalia,0,1.18,1.16,1.18,1.17,1.15,1.15,1.15,1.17,1.17,SOM,1.17,1.16,1.18
187,South Africa,0,1.27,1.26,1.41,1.19,1.21,1.19,1.16,1.17,1.19,ZAF,1.18,1.2,1.02
188,South Sudan,0,1.19,1.17,1.18,1.18,1.17,1.15,1.21,1.18,1.18,SSD,1.21,1.24,1.16
189,Spain,0,1.7,2.15,1.69,1.03,1.03,1.02,1.04,1.08,1.14,ESP,1.18,1.18,1.93
190,Sri Lanka,0,2.4,2,2.11,2.14,2.56,2.21,2.16,2.52,2.48,LKA,2.33,2.36,2.25
191,Sudan,0,1.88,1.89,1.79,1.78,1.77,1.76,1.75,1.76,1.75,SDN,1.72,1.71,1.87
192,Suriname,0,1.6,2.09,2.72,2.76,2.78,2.78,2.82,3.22,2.61,SUR,2.46,2.36,1.68
193,Sweden,0,0.91,0.93,0.97,0.98,0.99,0.94,0.95,0.93,0.97,SWE,0.89,0.9,0.86
194,Switzerland,0,1.34,1.35,1.31,1.16,1.17,1.09,1.06,1.06,1.04,CHE,1.04,1.04,2.08
195,Syrian Arab Republic,0,4.09,4.14,4.13,3.52,3.78,3.81,3.79,3.81,3.78,SYR,3.81,3.82,4.12
196,Tajikistan,0,1,1.02,1.06,1,1.05,1.11,1.11,1.12,1.12,TJK,1.11,1.11,1.04
197,Tanzania (United Republic of),0,1.83,1.82,1.97,1.81,1.65,1.83,1.95,1.69,1.69,TZA,1.69,1.65,1.77
198,Thailand,0,1.3,0.96,0.8,1,1,0.83,1,1,1,THA,1.11,1.1,1
200,Timor-Leste,0,1.36,1.4,1.34,1.57,1.54,1.59,1.59,1.57,1.57,TLS,1.55,1.55,1.39
201,Togo,0,0.73,0.73,0.73,0.73,0.76,0.76,0.76,0.76,0.76,TGO,0.76,0.76,0.73
202,Tonga,0,0.95,0.93,0.93,1,1,1,1,1,1,TON,0.92,1,1.07
203,Trinidad and Tobago,0,1.35,1.49,1.9,1.35,1.4,1.48,1.68,1.34,1.41,TTO,1.53,1.56,1.45
204,Tunisia,0,1.12,1.56,1.26,1.74,1.84,1.77,1.74,1.63,1.64,TUN,1.65,1.65,1.16
205,Turkey,0,0.9,0.92,1.05,1.08,1.21,1.21,1.3,1.29,1.36,TUR,1.41,1.47,0.8
206,Turkey,0,0.9,0.92,1.05,1.08,1.21,1.21,1.3,1.29,1.36,TUR,1.41,1.47,0.8
207,Turkey,0,0.9,0.92,1.05,1.08,1.21,1.21,1.3,1.29,1.36,TUR,1.41,1.47,0.8
208,Turkey,0,0.9,0.92,1.05,1.08,1.21,1.21,1.3,1.29,1.36,TUR,1.41,1.47,0.8
209,Turkmenistan,0,1.04,1,1.05,1,1.05,1.11,1.11,1.12,1.12,TKM,1.12,1.16,1.07
210,Uganda,0,1.5,1.44,1.44,1.46,1.44,1.48,1.79,1.79,1.79,UGA,1.93,1.87,0.46
211,Ukraine,0,0.78,0.77,0.91,0.73,0.75,0.75,0.78,0.69,0.8,UKR,0.74,0.74,0.82
212,United Arab Emirates,0,3.36,3.22,2.77,3.37,3.39,3.36,3.41,3.37,3.44,ARE,3.23,3.38,3.07
213,United Kingdom,0,0.68,0.8,0.83,0.8,0.84,0.89,0.88,0.91,0.93,GBR,0.96,0.95,0.79
214,United States,0,1,1.05,1,0.82,0.9,0.96,0.93,0.97,0.96,USA,0.98,0.98,0.89
215,Uruguay,0,1.66,1.62,1.65,1.79,1.69,1.71,1.66,1.65,1.41,URY,1.46,1.51,1.66
216,Uzbekistan,0,1.05,0.99,0.96,0.96,0.96,0.98,0.96,0.96,0.96,UZB,0.97,0.97,1.06
217,Vanuatu,0,1.29,1.28,1.25,1.29,1.27,1.27,1.3,1.28,1.28,VUT,1.28,1.3,1.29
218,Venezuela (Bolivarian Republic of),0,1.25,1.26,1.24,1.21,1.3,1.25,1.21,1.22,1.21,VEN,1.22,1.22,1.26
219,Viet Nam,0,1.05,1.04,1.19,1,1,1,1.05,0.95,0.91,VNM,0.91,0.86,1.1
220,Yemen,0,0.47,0.82,1.3,4.43,3.6,3.19,2.7,2.14,2.13,YEM,2.13,2.16,0.44
221,Zambia,0,1.12,0.74,0.92,1.09,1.13,1.18,1.18,1.17,1.17,ZMB,1.17,1.15,1.12
222,Zimbabwe,0,0.63,0.66,1.07,1.23,1.25,0.6,0.59,0.59,0.58,ZWE,0.61,0.61,0.63
223,Andorra,0,0,0,0,0,0,0,0,0,0,AND,0,0,0
224,Antigua and Barbuda,0,0,0,0,0,0,0,0,0,0,ATG,0,0,0
225,Dominica,0,0,0,0,0,0,0,0,0,0,DMA,0,0,0
226,Grenada,0,0,0,0,0,0,0,0,0,0,GRD,0,0,0
227,Kiribati,0,0,0,0,0,0,0,0,0,0,KIR,0,0,0
228,Liechtenstein,0,0,0,0,0,0,0,0,0,0,LIE,0,0,0
229,Marshall Islands,0,0,0,0,0,0,0,0,0,0,MHL,0,0,0
230,Micronesia (Federated States of),0,0,0,0,0,0,0,0,0,0,FSM,0,0,0
231,Monaco,0,0,0,0,0,0,0,0,0,0,MCO,0,0,0
232,Nauru,0,0,0,0,0,0,0,0,0,0,NRU,0,0,0
233,Palau,0,0,0,0,0,0,0,0,0,0,PLW,0,0,0
234,Saint Kitts and Nevis,0,0,0,0,0,0,0,0,0,0,KNA,0,0,0
235,San Marino,0,0,0,0,0,0,0,0,0,0,SMR,0,0,0
236,Seychelles,0,0,0,0,0,0,0,0,0,0,SYC,0,0,0
237,Tuvalu,0,0,0,0,0,0,0,0,0,0,TUV,0,0,0
