HDI_Rank_2017,Country,Country_Code_x,1990,1991,1992,1993,1994,1995,1996,1997,1998,1999,2000,2001,2002,2003,2004,2005,2006,2007,2008,2009,2010,2011,2012,2013,2014,2015,2016,2017,Continent_Name,Continent_Code,Country_Name,Three_Letter_Country_Code,Country_Number,Country_Code_y
168,Afghanistan,AFG,0.0,0.0,0,0.0,0.0,0.0,0.0,0.0,0.0,0.0,0.0,0.0,0.373,0.38299999999999995,0.39799999999999996,0.408,0.41700000000000004,0.429,0.43700000000000006,0.45299999999999996,0.46299999999999997,0.47100000000000003,0.48200000000000004,0.48700000000000004,0.491,0.493,0.494,0.498,Asia,AS,Afghanistan,AFG,4.0,AFG
68,Albania,ALB,0.645,0.626,0.61,0.613,0.619,0.632,0.6409999999999999,0.6409999999999999,0.652,0.662,0.669,0.6759999999999999,0.682,0.6890000000000001,0.6940000000000001,0.7040000000000001,0.711,0.72,0.7240000000000001,0.7290000000000001,0.741,0.752,0.767,0.7709999999999999,0.773,0.7759999999999999,0.782,0.785,Europe,EU,Albania,ALB,8.0,ALB
85,Algeria,DZA,0.5770000000000001,0.581,0.587,0.591,0.595,0.6,0.608,0.617,0.627,0.636,0.644,0.653,0.664,0.674,0.684,0.6920000000000001,0.698,0.7070000000000001,0.7090000000000001,0.7190000000000001,0.7290000000000001,0.736,0.74,0.745,0.747,0.7490000000000001,0.753,0.754,Africa,AF,Algeria,DZA,12.0,DZA
35,Andorra,AND,0.0,0.0,0,0.0,0.0,0.0,0.0,0.0,0.0,0.0,0.759,0.767,0.78,0.82,0.826,0.8190000000000001,0.8290000000000001,0.8290000000000001,0.831,0.83,0.828,0.8270000000000001,0.8490000000000001,0.85,0.853,0.8540000000000001,0.856,0.858,Europe,EU,Andorra,AND,20.0,AND
147,Angola,AGO,0.0,0.0,0,0.0,0.0,0.0,0.0,0.0,0.0,0.374,0.387,0.401,0.418,0.429,0.442,0.455,0.47100000000000003,0.49200000000000005,0.502,0.522,0.52,0.535,0.5429999999999999,0.5539999999999999,0.564,0.5720000000000001,0.5770000000000001,0.581,Africa,AF,Angola,AGO,24.0,AGO
70,Antigua and Barbuda,ATG,0.0,0.0,0,0.0,0.0,0.0,0.0,0.0,0.0,0.0,0.0,0.0,0.0,0.0,0.0,0.7659999999999999,0.772,0.778,0.777,0.77,0.7659999999999999,0.762,0.765,0.768,0.77,0.775,0.778,0.78,North America,,Antigua and Barbuda,ATG,28.0,ATG
47,Argentina,ARG,0.7040000000000001,0.713,0.72,0.725,0.728,0.731,0.738,0.746,0.753,0.764,0.7709999999999999,0.7759999999999999,0.769,0.775,0.78,0.782,0.787,0.792,0.795,0.799,0.813,0.8190000000000001,0.818,0.82,0.82,0.8220000000000001,0.8220000000000001,0.825,South America,SA,Argentina,ARG,32.0,ARG
83,Armenia,ARM,0.631,0.628,0.58,0.588,0.599,0.605,0.612,0.623,0.636,0.642,0.647,0.652,0.6629999999999999,0.672,0.68,0.693,0.706,0.72,0.727,0.7240000000000001,0.728,0.731,0.737,0.742,0.745,0.748,0.7490000000000001,0.755,Europe,EU,Armenia,ARM,51.0,ARM
83,Armenia,ARM,0.631,0.628,0.58,0.588,0.599,0.605,0.612,0.623,0.636,0.642,0.647,0.652,0.6629999999999999,0.672,0.68,0.693,0.706,0.72,0.727,0.7240000000000001,0.728,0.731,0.737,0.742,0.745,0.748,0.7490000000000001,0.755,Europe,EU,Armenia,ARM,51.0,ARM
83,Armenia,ARM,0.631,0.628,0.58,0.588,0.599,0.605,0.612,0.623,0.636,0.642,0.647,0.652,0.6629999999999999,0.672,0.68,0.693,0.706,0.72,0.727,0.7240000000000001,0.728,0.731,0.737,0.742,0.745,0.748,0.7490000000000001,0.755,Europe,EU,Armenia,ARM,51.0,ARM
83,Armenia,ARM,0.631,0.628,0.58,0.588,0.599,0.605,0.612,0.623,0.636,0.642,0.647,0.652,0.6629999999999999,0.672,0.68,0.693,0.706,0.72,0.727,0.7240000000000001,0.728,0.731,0.737,0.742,0.745,0.748,0.7490000000000001,0.755,Europe,EU,Armenia,ARM,51.0,ARM
83,Armenia,ARM,0.631,0.628,0.58,0.588,0.599,0.605,0.612,0.623,0.636,0.642,0.647,0.652,0.6629999999999999,0.672,0.68,0.693,0.706,0.72,0.727,0.7240000000000001,0.728,0.731,0.737,0.742,0.745,0.748,0.7490000000000001,0.755,Asia,AS,Armenia,ARM,51.0,ARM
83,Armenia,ARM,0.631,0.628,0.58,0.588,0.599,0.605,0.612,0.623,0.636,0.642,0.647,0.652,0.6629999999999999,0.672,0.68,0.693,0.706,0.72,0.727,0.7240000000000001,0.728,0.731,0.737,0.742,0.745,0.748,0.7490000000000001,0.755,Asia,AS,Armenia,ARM,51.0,ARM
83,Armenia,ARM,0.631,0.628,0.58,0.588,0.599,0.605,0.612,0.623,0.636,0.642,0.647,0.652,0.6629999999999999,0.672,0.68,0.693,0.706,0.72,0.727,0.7240000000000001,0.728,0.731,0.737,0.742,0.745,0.748,0.7490000000000001,0.755,Asia,AS,Armenia,ARM,51.0,ARM
83,Armenia,ARM,0.631,0.628,0.58,0.588,0.599,0.605,0.612,0.623,0.636,0.642,0.647,0.652,0.6629999999999999,0.672,0.68,0.693,0.706,0.72,0.727,0.7240000000000001,0.728,0.731,0.737,0.742,0.745,0.748,0.7490000000000001,0.755,Asia,AS,Armenia,ARM,51.0,ARM
3,Australia,AUS,0.866,0.867,0.868,0.872,0.875,0.883,0.8859999999999999,0.889,0.892,0.895,0.898,0.9,0.903,0.904,0.907,0.9079999999999999,0.9109999999999999,0.915,0.92,0.9209999999999999,0.9229999999999999,0.925,0.929,0.9309999999999999,0.9329999999999999,0.9359999999999999,0.938,0.9390000000000001,Oceania,OC,Australia,AUS,36.0,AUS
20,Austria,AUT,0.795,0.8,0.805,0.807,0.813,0.8170000000000001,0.82,0.8240000000000001,0.835,0.8340000000000001,0.838,0.8490000000000001,0.838,0.8420000000000001,0.8490000000000001,0.855,0.861,0.8809999999999999,0.884,0.8859999999999999,0.895,0.897,0.899,0.897,0.9009999999999999,0.903,0.9059999999999999,0.9079999999999999,Europe,EU,Austria,AUT,40.0,AUT
80,Azerbaijan,AZE,0.0,0.0,0,0.0,0.0,0.612,0.612,0.617,0.626,0.633,0.64,0.648,0.657,0.6659999999999999,0.674,0.679,0.7040000000000001,0.7090000000000001,0.7190000000000001,0.736,0.74,0.741,0.745,0.752,0.758,0.758,0.757,0.757,Europe,EU,Azerbaijan,AZE,31.0,AZE
80,Azerbaijan,AZE,0.0,0.0,0,0.0,0.0,0.612,0.612,0.617,0.626,0.633,0.64,0.648,0.657,0.6659999999999999,0.674,0.679,0.7040000000000001,0.7090000000000001,0.7190000000000001,0.736,0.74,0.741,0.745,0.752,0.758,0.758,0.757,0.757,Europe,EU,Azerbaijan,AZE,31.0,AZE
80,Azerbaijan,AZE,0.0,0.0,0,0.0,0.0,0.612,0.612,0.617,0.626,0.633,0.64,0.648,0.657,0.6659999999999999,0.674,0.679,0.7040000000000001,0.7090000000000001,0.7190000000000001,0.736,0.74,0.741,0.745,0.752,0.758,0.758,0.757,0.757,Europe,EU,Azerbaijan,AZE,31.0,AZE
80,Azerbaijan,AZE,0.0,0.0,0,0.0,0.0,0.612,0.612,0.617,0.626,0.633,0.64,0.648,0.657,0.6659999999999999,0.674,0.679,0.7040000000000001,0.7090000000000001,0.7190000000000001,0.736,0.74,0.741,0.745,0.752,0.758,0.758,0.757,0.757,Europe,EU,Azerbaijan,AZE,31.0,AZE
80,Azerbaijan,AZE,0.0,0.0,0,0.0,0.0,0.612,0.612,0.617,0.626,0.633,0.64,0.648,0.657,0.6659999999999999,0.674,0.679,0.7040000000000001,0.7090000000000001,0.7190000000000001,0.736,0.74,0.741,0.745,0.752,0.758,0.758,0.757,0.757,Asia,AS,Azerbaijan,AZE,31.0,AZE
80,Azerbaijan,AZE,0.0,0.0,0,0.0,0.0,0.612,0.612,0.617,0.626,0.633,0.64,0.648,0.657,0.6659999999999999,0.674,0.679,0.7040000000000001,0.7090000000000001,0.7190000000000001,0.736,0.74,0.741,0.745,0.752,0.758,0.758,0.757,0.757,Asia,AS,Azerbaijan,AZE,31.0,AZE
80,Azerbaijan,AZE,0.0,0.0,0,0.0,0.0,0.612,0.612,0.617,0.626,0.633,0.64,0.648,0.657,0.6659999999999999,0.674,0.679,0.7040000000000001,0.7090000000000001,0.7190000000000001,0.736,0.74,0.741,0.745,0.752,0.758,0.758,0.757,0.757,Asia,AS,Azerbaijan,AZE,31.0,AZE
80,Azerbaijan,AZE,0.0,0.0,0,0.0,0.0,0.612,0.612,0.617,0.626,0.633,0.64,0.648,0.657,0.6659999999999999,0.674,0.679,0.7040000000000001,0.7090000000000001,0.7190000000000001,0.736,0.74,0.741,0.745,0.752,0.758,0.758,0.757,0.757,Asia,AS,Azerbaijan,AZE,31.0,AZE
54,Bahamas,BHS,0.0,0.0,0,0.0,0.0,0.0,0.0,0.0,0.0,0.0,0.7759999999999999,0.779,0.7809999999999999,0.782,0.784,0.7859999999999999,0.7879999999999999,0.789,0.79,0.787,0.789,0.7929999999999999,0.807,0.807,0.807,0.807,0.8059999999999999,0.807,North America,,Bahamas,BHS,44.0,BHS
43,Bahrain,BHR,0.746,0.752,0.757,0.765,0.769,0.775,0.778,0.779,0.7829999999999999,0.7859999999999999,0.792,0.792,0.7909999999999999,0.7929999999999999,0.792,0.7909999999999999,0.7929999999999999,0.7959999999999999,0.7959999999999999,0.794,0.7959999999999999,0.7979999999999999,0.8,0.807,0.81,0.8320000000000001,0.846,0.846,Asia,AS,Bahrain,BHR,48.0,BHR
136,Bangladesh,BGD,0.387,0.39399999999999996,0.402,0.409,0.41700000000000004,0.425,0.433,0.442,0.451,0.46,0.46799999999999997,0.47700000000000004,0.483,0.49,0.49700000000000005,0.505,0.513,0.52,0.523,0.535,0.545,0.557,0.5670000000000001,0.575,0.583,0.5920000000000001,0.597,0.608,Asia,AS,Bangladesh,BGD,50.0,BGD
58,Barbados,BRB,0.716,0.718,0.718,0.721,0.727,0.731,0.735,0.74,0.736,0.743,0.752,0.7509999999999999,0.754,0.759,0.762,0.767,0.772,0.777,0.7809999999999999,0.7829999999999999,0.782,0.787,0.795,0.7959999999999999,0.7959999999999999,0.797,0.799,0.8,North America,,Barbados,BRB,52.0,BRB
53,Belarus,BLR,0.0,0.0,0,0.0,0.0,0.657,0.6609999999999999,0.667,0.6709999999999999,0.6759999999999999,0.6829999999999999,0.6890000000000001,0.696,0.705,0.715,0.725,0.741,0.757,0.774,0.784,0.792,0.7979999999999999,0.8029999999999999,0.804,0.807,0.805,0.805,0.8079999999999999,Europe,EU,Belarus,BLR,112.0,BLR
17,Belgium,BEL,0.8059999999999999,0.81,0.825,0.8390000000000001,0.845,0.852,0.857,0.862,0.866,0.868,0.873,0.8759999999999999,0.879,0.882,0.885,0.889,0.8959999999999999,0.899,0.899,0.899,0.903,0.904,0.905,0.9079999999999999,0.909,0.9129999999999999,0.915,0.9159999999999999,Europe,EU,Belgium,BEL,56.0,BEL
106,Belize,BLZ,0.644,0.6509999999999999,0.657,0.6609999999999999,0.6609999999999999,0.662,0.662,0.664,0.6659999999999999,0.67,0.677,0.679,0.685,0.6920000000000001,0.696,0.693,0.7,0.6990000000000001,0.7,0.6990000000000001,0.6990000000000001,0.7020000000000001,0.706,0.705,0.706,0.7090000000000001,0.7090000000000001,0.708,North America,,Belize,BLZ,84.0,BLZ
163,Benin,BEN,0.348,0.354,0.358,0.365,0.368,0.373,0.377,0.381,0.385,0.391,0.39799999999999996,0.41,0.419,0.426,0.434,0.44,0.447,0.455,0.462,0.46799999999999997,0.473,0.479,0.489,0.5,0.505,0.508,0.512,0.515,Africa,AF,Benin,BEN,204.0,BEN
134,Bhutan,BTN,0.0,0.0,0,0.0,0.0,0.0,0.0,0.0,0.0,0.0,0.0,0.0,0.0,0.0,0.0,0.51,0.521,0.535,0.5429999999999999,0.5539999999999999,0.5660000000000001,0.575,0.585,0.589,0.599,0.603,0.609,0.612,Asia,AS,Bhutan,BTN,64.0,BTN
118,Bolivia (Plurinational State of),BOL,0.536,0.5429999999999999,0.55,0.557,0.564,0.5710000000000001,0.578,0.58,0.591,0.6,0.608,0.611,0.617,0.621,0.622,0.624,0.63,0.631,0.64,0.647,0.649,0.655,0.662,0.6679999999999999,0.675,0.6809999999999999,0.6890000000000001,0.693,,,,,,BOL
77,Bosnia and Herzegovina,BIH,0.0,0.0,0,0.0,0.0,0.0,0.0,0.0,0.0,0.0,0.672,0.677,0.6829999999999999,0.688,0.6940000000000001,0.7,0.706,0.7120000000000001,0.7190000000000001,0.72,0.713,0.721,0.7390000000000001,0.747,0.754,0.755,0.7659999999999999,0.768,Europe,EU,Bosnia and Herzegovina,BIH,70.0,BIH
101,Botswana,BWA,0.581,0.588,0.587,0.585,0.575,0.5770000000000001,0.5710000000000001,0.57,0.5670000000000001,0.5660000000000001,0.565,0.5670000000000001,0.5660000000000001,0.575,0.584,0.596,0.611,0.625,0.639,0.648,0.66,0.6729999999999999,0.6829999999999999,0.693,0.701,0.706,0.7120000000000001,0.7170000000000001,Africa,AF,Botswana,BWA,72.0,BWA
79,Brazil,BRA,0.611,0.615,0.622,0.63,0.64,0.648,0.6559999999999999,0.664,0.67,0.6759999999999999,0.684,0.691,0.698,0.695,0.698,0.7,0.7020000000000001,0.705,0.716,0.718,0.727,0.731,0.736,0.748,0.752,0.757,0.758,0.759,South America,SA,Brazil,BRA,76.0,BRA
39,Brunei Darussalam,BRN,0.782,0.787,0.792,0.797,0.8009999999999999,0.805,0.807,0.81,0.812,0.818,0.8190000000000001,0.82,0.823,0.828,0.8340000000000001,0.838,0.84,0.84,0.84,0.8420000000000001,0.8420000000000001,0.846,0.852,0.853,0.853,0.852,0.852,0.853,Asia,AS,Brunei Darussalam,BRN,96.0,BRN
51,Bulgaria,BGR,0.6940000000000001,0.691,0.691,0.69,0.691,0.696,0.7020000000000001,0.7040000000000001,0.7090000000000001,0.708,0.7120000000000001,0.722,0.7290000000000001,0.738,0.745,0.75,0.7559999999999999,0.764,0.7709999999999999,0.774,0.779,0.782,0.7859999999999999,0.792,0.797,0.807,0.81,0.813,Europe,EU,Bulgaria,BGR,100.0,BGR
183,Burkina Faso,BFA,0.0,0.0,0,0.0,0.0,0.0,0.0,0.0,0.0,0.0,0.28600000000000003,0.29,0.29600000000000004,0.303,0.312,0.324,0.33299999999999996,0.344,0.35700000000000004,0.366,0.375,0.385,0.39399999999999996,0.401,0.405,0.41200000000000003,0.42,0.423,Africa,AF,Burkina Faso,BFA,854.0,BFA
185,Burundi,BDI,0.297,0.3,0.297,0.299,0.298,0.29600000000000004,0.294,0.29600000000000004,0.3,0.3,0.303,0.302,0.31,0.316,0.324,0.33,0.35,0.361,0.37200000000000005,0.387,0.395,0.40299999999999997,0.408,0.414,0.42100000000000004,0.418,0.418,0.41700000000000004,Africa,AF,Burundi,BDI,108.0,BDI
125,Cabo Verde,CPV,0.0,0.0,0,0.0,0.0,0.0,0.0,0.0,0.0,0.0,0.57,0.575,0.585,0.589,0.5920000000000001,0.598,0.613,0.619,0.625,0.626,0.629,0.635,0.636,0.642,0.644,0.647,0.652,0.654,,,,,,CPV
146,Cambodia,KHM,0.364,0.368,0.373,0.377,0.38,0.387,0.391,0.397,0.402,0.40700000000000003,0.42,0.434,0.45299999999999996,0.466,0.478,0.49,0.502,0.513,0.521,0.521,0.537,0.546,0.5529999999999999,0.56,0.5660000000000001,0.5710000000000001,0.5760000000000001,0.5820000000000001,Asia,AS,Cambodia,KHM,116.0,KHM
151,Cameroon,CMR,0.44,0.436,0.432,0.426,0.423,0.42200000000000004,0.42200000000000004,0.42200000000000004,0.428,0.426,0.431,0.44799999999999995,0.451,0.45799999999999996,0.46399999999999997,0.466,0.47200000000000003,0.484,0.49200000000000005,0.499,0.506,0.515,0.526,0.535,0.5429999999999999,0.5479999999999999,0.5529999999999999,0.556,Africa,AF,Cameroon,CMR,120.0,CMR
12,Canada,CAN,0.8490000000000001,0.853,0.856,0.8540000000000001,0.8590000000000001,0.861,0.863,0.862,0.861,0.8640000000000001,0.867,0.872,0.877,0.882,0.887,0.892,0.895,0.897,0.899,0.899,0.902,0.905,0.9079999999999999,0.9109999999999999,0.9179999999999999,0.92,0.922,0.9259999999999999,North America,,Canada,CAN,124.0,CAN
188,Central African Republic,CAF,0.317,0.312,0.299,0.299,0.301,0.303,0.3,0.302,0.304,0.308,0.309,0.311,0.312,0.311,0.315,0.319,0.325,0.331,0.337,0.34299999999999997,0.35100000000000003,0.358,0.365,0.344,0.349,0.35700000000000004,0.36200000000000004,0.36700000000000005,Africa,AF,Central African Republic,CAF,140.0,CAF
186,Chad,TCD,0.0,0.0,0,0.0,0.0,0.0,0.0,0.0,0.0,0.0,0.299,0.306,0.311,0.309,0.32299999999999995,0.33,0.332,0.342,0.348,0.363,0.371,0.382,0.391,0.397,0.40299999999999997,0.40700000000000003,0.405,0.40399999999999997,Africa,AF,Chad,TCD,148.0,TCD
44,Chile,CHL,0.701,0.711,0.719,0.713,0.718,0.727,0.7340000000000001,0.741,0.747,0.753,0.759,0.7659999999999999,0.768,0.774,0.7829999999999999,0.7879999999999999,0.7879999999999999,0.795,0.8059999999999999,0.804,0.8079999999999999,0.8140000000000001,0.8190000000000001,0.828,0.833,0.84,0.8420000000000001,0.843,South America,SA,Chile,CHL,152.0,CHL
86,China,CHN,0.502,0.51,0.521,0.531,0.541,0.55,0.5589999999999999,0.568,0.5760000000000001,0.585,0.594,0.602,0.611,0.623,0.635,0.647,0.6609999999999999,0.675,0.685,0.6940000000000001,0.706,0.7140000000000001,0.722,0.7290000000000001,0.738,0.743,0.748,0.752,Asia,AS,China,CHN,156.0,CHN
90,Colombia,COL,0.5920000000000001,0.595,0.606,0.612,0.619,0.625,0.634,0.642,0.649,0.649,0.653,0.6559999999999999,0.6579999999999999,0.657,0.6709999999999999,0.6829999999999999,0.691,0.7040000000000001,0.71,0.715,0.7190000000000001,0.725,0.725,0.735,0.738,0.742,0.747,0.747,South America,SA,Colombia,COL,170.0,COL
165,Comoros,COM,0.0,0.0,0,0.0,0.0,0.0,0.0,0.0,0.0,0.0,0.0,0.0,0.0,0.0,0.449,0.455,0.461,0.466,0.47,0.47600000000000003,0.48200000000000004,0.48700000000000004,0.493,0.499,0.501,0.502,0.502,0.503,Africa,AF,Comoros,COM,174.0,COM
137,Congo,COG,0.536,0.535,0.535,0.528,0.524,0.507,0.504,0.505,0.509,0.496,0.49,0.495,0.49700000000000005,0.498,0.501,0.5,0.503,0.52,0.536,0.55,0.557,0.56,0.573,0.5820000000000001,0.595,0.613,0.612,0.606,Africa,AF,Congo,COG,178.0,COG
137,Congo,COG,0.536,0.535,0.535,0.528,0.524,0.507,0.504,0.505,0.509,0.496,0.49,0.495,0.49700000000000005,0.498,0.501,0.5,0.503,0.52,0.536,0.55,0.557,0.56,0.573,0.5820000000000001,0.595,0.613,0.612,0.606,Africa,AF,Congo,COG,178.0,COD
137,Congo,COG,0.536,0.535,0.535,0.528,0.524,0.507,0.504,0.505,0.509,0.496,0.49,0.495,0.49700000000000005,0.498,0.501,0.5,0.503,0.52,0.536,0.55,0.557,0.56,0.573,0.5820000000000001,0.595,0.613,0.612,0.606,Africa,AF,Congo,COG,178.0,COD
137,Congo,COD,0.536,0.535,0.535,0.528,0.524,0.507,0.504,0.505,0.509,0.496,0.49,0.495,0.49700000000000005,0.498,0.501,0.5,0.503,0.52,0.536,0.55,0.557,0.56,0.573,0.5820000000000001,0.595,0.613,0.612,0.606,Africa,AF,Congo,COD,180.0,COG
137,Congo,COD,0.536,0.535,0.535,0.528,0.524,0.507,0.504,0.505,0.509,0.496,0.49,0.495,0.49700000000000005,0.498,0.501,0.5,0.503,0.52,0.536,0.55,0.557,0.56,0.573,0.5820000000000001,0.595,0.613,0.612,0.606,Africa,AF,Congo,COD,180.0,COD
137,Congo,COD,0.536,0.535,0.535,0.528,0.524,0.507,0.504,0.505,0.509,0.496,0.49,0.495,0.49700000000000005,0.498,0.501,0.5,0.503,0.52,0.536,0.55,0.557,0.56,0.573,0.5820000000000001,0.595,0.613,0.612,0.606,Africa,AF,Congo,COD,180.0,COD
176,Congo (Democratic Republic of the),COD,0.35600000000000004,0.353,0,0.34,0.33399999999999996,0.33299999999999996,0.337,0.33399999999999996,0.33399999999999996,0.331,0.33299999999999996,0.33299999999999996,0.34,0.349,0.35700000000000004,0.364,0.37200000000000005,0.379,0.39,0.397,0.40700000000000003,0.415,0.42,0.426,0.436,0.444,0.452,0.457,,,,,,COD
176,Congo (Democratic Republic of the),COD,0.35600000000000004,0.353,0,0.34,0.33399999999999996,0.33299999999999996,0.337,0.33399999999999996,0.33399999999999996,0.331,0.33299999999999996,0.33299999999999996,0.34,0.349,0.35700000000000004,0.364,0.37200000000000005,0.379,0.39,0.397,0.40700000000000003,0.415,0.42,0.426,0.436,0.444,0.452,0.457,,,,,,COD
63,Costa Rica,CRI,0.6559999999999999,0.6609999999999999,0.67,0.677,0.682,0.687,0.691,0.6970000000000001,0.703,0.7070000000000001,0.711,0.7140000000000001,0.7170000000000001,0.721,0.725,0.728,0.7340000000000001,0.742,0.75,0.752,0.754,0.76,0.772,0.7759999999999999,0.78,0.7879999999999999,0.7909999999999999,0.794,North America,,Costa Rica,CRI,188.0,CRI
46,Croatia,HRV,0.67,0.665,0.664,0.6659999999999999,0.68,0.696,0.7090000000000001,0.7190000000000001,0.731,0.7390000000000001,0.75,0.759,0.7659999999999999,0.7709999999999999,0.778,0.7829999999999999,0.7929999999999999,0.8,0.8029999999999999,0.802,0.8079999999999999,0.815,0.816,0.821,0.8240000000000001,0.8270000000000001,0.828,0.831,Europe,EU,Croatia,HRV,191.0,HRV
73,Cuba,CUB,0.6759999999999999,0.67,0.663,0.6559999999999999,0.652,0.654,0.665,0.669,0.672,0.679,0.6859999999999999,0.6920000000000001,0.6940000000000001,0.7040000000000001,0.718,0.731,0.753,0.77,0.78,0.782,0.779,0.778,0.767,0.765,0.768,0.772,0.774,0.777,North America,,Cuba,CUB,192.0,CUB
32,Cyprus,CYP,0.732,0.735,0.74,0.777,0.7809999999999999,0.7859999999999999,0.789,0.792,0.8,0.799,0.802,0.807,0.816,0.8240000000000001,0.828,0.831,0.8370000000000001,0.846,0.852,0.856,0.85,0.853,0.852,0.853,0.856,0.86,0.867,0.8690000000000001,Europe,EU,Cyprus,CYP,196.0,CYP
32,Cyprus,CYP,0.732,0.735,0.74,0.777,0.7809999999999999,0.7859999999999999,0.789,0.792,0.8,0.799,0.802,0.807,0.816,0.8240000000000001,0.828,0.831,0.8370000000000001,0.846,0.852,0.856,0.85,0.853,0.852,0.853,0.856,0.86,0.867,0.8690000000000001,Europe,EU,Cyprus,CYP,196.0,CYP
32,Cyprus,CYP,0.732,0.735,0.74,0.777,0.7809999999999999,0.7859999999999999,0.789,0.792,0.8,0.799,0.802,0.807,0.816,0.8240000000000001,0.828,0.831,0.8370000000000001,0.846,0.852,0.856,0.85,0.853,0.852,0.853,0.856,0.86,0.867,0.8690000000000001,Europe,EU,Cyprus,CYP,196.0,CYP
32,Cyprus,CYP,0.732,0.735,0.74,0.777,0.7809999999999999,0.7859999999999999,0.789,0.792,0.8,0.799,0.802,0.807,0.816,0.8240000000000001,0.828,0.831,0.8370000000000001,0.846,0.852,0.856,0.85,0.853,0.852,0.853,0.856,0.86,0.867,0.8690000000000001,Europe,EU,Cyprus,CYP,196.0,CYP
32,Cyprus,CYP,0.732,0.735,0.74,0.777,0.7809999999999999,0.7859999999999999,0.789,0.792,0.8,0.799,0.802,0.807,0.816,0.8240000000000001,0.828,0.831,0.8370000000000001,0.846,0.852,0.856,0.85,0.853,0.852,0.853,0.856,0.86,0.867,0.8690000000000001,Asia,AS,Cyprus,CYP,196.0,CYP
32,Cyprus,CYP,0.732,0.735,0.74,0.777,0.7809999999999999,0.7859999999999999,0.789,0.792,0.8,0.799,0.802,0.807,0.816,0.8240000000000001,0.828,0.831,0.8370000000000001,0.846,0.852,0.856,0.85,0.853,0.852,0.853,0.856,0.86,0.867,0.8690000000000001,Asia,AS,Cyprus,CYP,196.0,CYP
32,Cyprus,CYP,0.732,0.735,0.74,0.777,0.7809999999999999,0.7859999999999999,0.789,0.792,0.8,0.799,0.802,0.807,0.816,0.8240000000000001,0.828,0.831,0.8370000000000001,0.846,0.852,0.856,0.85,0.853,0.852,0.853,0.856,0.86,0.867,0.8690000000000001,Asia,AS,Cyprus,CYP,196.0,CYP
32,Cyprus,CYP,0.732,0.735,0.74,0.777,0.7809999999999999,0.7859999999999999,0.789,0.792,0.8,0.799,0.802,0.807,0.816,0.8240000000000001,0.828,0.831,0.8370000000000001,0.846,0.852,0.856,0.85,0.853,0.852,0.853,0.856,0.86,0.867,0.8690000000000001,Asia,AS,Cyprus,CYP,196.0,CYP
27,Czechia,CZE,0.73,0.726,0.728,0.735,0.7440000000000001,0.753,0.768,0.774,0.775,0.785,0.7959999999999999,0.8059999999999999,0.813,0.8220000000000001,0.825,0.835,0.843,0.85,0.8540000000000001,0.857,0.862,0.865,0.865,0.8740000000000001,0.879,0.882,0.885,0.888,,,,,,CZE
170,CÃ´te d'Ivoire,CIV,0.38799999999999996,0.387,0.387,0.386,0.386,0.387,0.38799999999999996,0.391,0.389,0.392,0.39399999999999996,0.396,0.39899999999999997,0.402,0.40700000000000003,0.413,0.418,0.424,0.43,0.43700000000000006,0.442,0.445,0.45399999999999996,0.462,0.465,0.478,0.486,0.49200000000000005,,,,,,
11,Denmark,DNK,0.799,0.804,0.809,0.815,0.8240000000000001,0.831,0.8370000000000001,0.843,0.8490000000000001,0.861,0.863,0.8759999999999999,0.883,0.894,0.898,0.903,0.905,0.904,0.909,0.9059999999999999,0.91,0.922,0.924,0.9309999999999999,0.9279999999999999,0.9259999999999999,0.9279999999999999,0.929,Europe,EU,Denmark,DNK,208.0,DNK
172,Djibouti,DJI,0.0,0.0,0,0.0,0.0,0.355,0.353,0.35700000000000004,0.359,0.36200000000000004,0.363,0.37200000000000005,0.37799999999999995,0.38799999999999996,0.396,0.405,0.41600000000000004,0.426,0.435,0.441,0.449,0.45399999999999996,0.45899999999999996,0.46299999999999997,0.467,0.47,0.474,0.47600000000000003,Africa,AF,Djibouti,DJI,262.0,DJI
103,Dominica,DMA,0.0,0.0,0,0.0,0.0,0.0,0.0,0.0,0.0,0.0,0.693,0.6970000000000001,0.696,0.7020000000000001,0.7040000000000001,0.705,0.711,0.715,0.72,0.72,0.722,0.722,0.721,0.721,0.7240000000000001,0.721,0.718,0.715,North America,,Dominica,DMA,212.0,DMA
94,Dominican Republic,DOM,0.598,0.603,0.612,0.618,0.623,0.629,0.635,0.6409999999999999,0.6459999999999999,0.6509999999999999,0.657,0.66,0.664,0.6659999999999999,0.6679999999999999,0.675,0.682,0.691,0.695,0.696,0.703,0.706,0.71,0.713,0.718,0.7290000000000001,0.733,0.736,North America,,Dominican Republic,DOM,214.0,DOM
94,Dominican Republic,DOM,0.598,0.603,0.612,0.618,0.623,0.629,0.635,0.6409999999999999,0.6459999999999999,0.6509999999999999,0.657,0.66,0.664,0.6659999999999999,0.6679999999999999,0.675,0.682,0.691,0.695,0.696,0.703,0.706,0.71,0.713,0.718,0.7290000000000001,0.733,0.736,North America,,Dominican Republic,DOM,214.0,DOM
94,Dominican Republic,DOM,0.598,0.603,0.612,0.618,0.623,0.629,0.635,0.6409999999999999,0.6459999999999999,0.6509999999999999,0.657,0.66,0.664,0.6659999999999999,0.6679999999999999,0.675,0.682,0.691,0.695,0.696,0.703,0.706,0.71,0.713,0.718,0.7290000000000001,0.733,0.736,North America,,Dominican Republic,DOM,214.0,DOM
86,Ecuador,ECU,0.643,0.6459999999999999,0.65,0.654,0.6579999999999999,0.662,0.664,0.6679999999999999,0.6709999999999999,0.6679999999999999,0.67,0.675,0.679,0.682,0.688,0.693,0.696,0.698,0.711,0.7120000000000001,0.715,0.721,0.726,0.7340000000000001,0.742,0.743,0.7490000000000001,0.752,South America,SA,Ecuador,ECU,218.0,ECU
115,Egypt,EGY,0.546,0.55,0.557,0.562,0.569,0.5760000000000001,0.584,0.591,0.5920000000000001,0.605,0.611,0.616,0.62,0.622,0.628,0.634,0.642,0.65,0.6579999999999999,0.66,0.665,0.6679999999999999,0.675,0.68,0.6829999999999999,0.691,0.6940000000000001,0.696,Africa,AF,Egypt,EGY,818.0,EGY
121,El Salvador,SLV,0.529,0.534,0.546,0.557,0.5670000000000001,0.5770000000000001,0.585,0.595,0.604,0.607,0.615,0.62,0.628,0.635,0.643,0.6509999999999999,0.659,0.6559999999999999,0.659,0.659,0.6709999999999999,0.6659999999999999,0.67,0.6709999999999999,0.67,0.674,0.679,0.674,North America,,El Salvador,SLV,222.0,SLV
141,Equatorial Guinea,GNQ,0.0,0.0,0,0.0,0.0,0.0,0.0,0.0,0.0,0.0,0.516,0.532,0.525,0.539,0.53,0.5670000000000001,0.578,0.585,0.586,0.589,0.581,0.584,0.589,0.59,0.59,0.593,0.593,0.591,Africa,AF,Equatorial Guinea,GNQ,226.0,GNQ
179,Eritrea,ERI,0.0,0.0,0,0.0,0.0,0.0,0.0,0.0,0.0,0.0,0.0,0.0,0.0,0.0,0.0,0.408,0.409,0.41100000000000003,0.40700000000000003,0.41600000000000004,0.41600000000000004,0.41700000000000004,0.42200000000000004,0.425,0.428,0.433,0.436,0.44,Africa,AF,Eritrea,ERI,232.0,ERI
30,Estonia,EST,0.733,0.728,0.719,0.7120000000000001,0.716,0.727,0.738,0.7509999999999999,0.763,0.769,0.78,0.79,0.799,0.8059999999999999,0.8140000000000001,0.825,0.8320000000000001,0.8390000000000001,0.841,0.8390000000000001,0.845,0.853,0.8590000000000001,0.862,0.8640000000000001,0.866,0.868,0.871,Europe,EU,Estonia,EST,233.0,EST
144,Eswatini (Kingdom of),SWZ,0.536,0.537,0.536,0.531,0.524,0.52,0.513,0.504,0.49200000000000005,0.483,0.47100000000000003,0.46399999999999997,0.455,0.45399999999999996,0.465,0.48,0.496,0.507,0.517,0.527,0.5379999999999999,0.55,0.561,0.5720000000000001,0.58,0.584,0.586,0.588,,,,,,SWZ
173,Ethiopia,GNB,0.0,0.0,0,0.0,0.0,0.0,0.0,0.0,0.0,0.0,0.28300000000000003,0.298,0.306,0.31,0.325,0.34600000000000003,0.36200000000000004,0.37799999999999995,0.39399999999999996,0.401,0.41200000000000003,0.423,0.43,0.43799999999999994,0.445,0.451,0.457,0.46299999999999997,Africa,AF,Ethiopia,ETH,231.0,GNB
173,Ethiopia,GNB,0.0,0.0,0,0.0,0.0,0.0,0.0,0.0,0.0,0.0,0.28300000000000003,0.298,0.306,0.31,0.325,0.34600000000000003,0.36200000000000004,0.37799999999999995,0.39399999999999996,0.401,0.41200000000000003,0.423,0.43,0.43799999999999994,0.445,0.451,0.457,0.46299999999999997,Africa,AF,Ethiopia,ETH,231.0,GNB
173,Ethiopia,GNB,0.0,0.0,0,0.0,0.0,0.0,0.0,0.0,0.0,0.0,0.28300000000000003,0.298,0.306,0.31,0.325,0.34600000000000003,0.36200000000000004,0.37799999999999995,0.39399999999999996,0.401,0.41200000000000003,0.423,0.43,0.43799999999999994,0.445,0.451,0.457,0.46299999999999997,Africa,AF,Ethiopia,ETH,231.0,GNB
92,Fiji,HKG,0.643,0.6509999999999999,0.655,0.659,0.6659999999999999,0.6729999999999999,0.6759999999999999,0.675,0.6759999999999999,0.6809999999999999,0.6829999999999999,0.687,0.6890000000000001,0.691,0.6990000000000001,0.695,0.698,0.7020000000000001,0.703,0.7070000000000001,0.711,0.7170000000000001,0.7190000000000001,0.727,0.73,0.738,0.738,0.741,Oceania,OC,Fiji,FJI,242.0,HKG
92,Fiji,HKG,0.643,0.6509999999999999,0.655,0.659,0.6659999999999999,0.6729999999999999,0.6759999999999999,0.675,0.6759999999999999,0.6809999999999999,0.6829999999999999,0.687,0.6890000000000001,0.691,0.6990000000000001,0.695,0.698,0.7020000000000001,0.703,0.7070000000000001,0.711,0.7170000000000001,0.7190000000000001,0.727,0.73,0.738,0.738,0.741,Oceania,OC,Fiji,FJI,242.0,HKG
15,Finland,IRN,0.784,0.787,0.795,0.799,0.809,0.816,0.823,0.8320000000000001,0.84,0.848,0.858,0.8640000000000001,0.867,0.87,0.8909999999999999,0.895,0.899,0.9009999999999999,0.904,0.899,0.903,0.907,0.9079999999999999,0.912,0.914,0.915,0.9179999999999999,0.92,Europe,EU,Finland,FIN,246.0,IRN
15,Finland,IRN,0.784,0.787,0.795,0.799,0.809,0.816,0.823,0.8320000000000001,0.84,0.848,0.858,0.8640000000000001,0.867,0.87,0.8909999999999999,0.895,0.899,0.9009999999999999,0.904,0.899,0.903,0.907,0.9079999999999999,0.912,0.914,0.915,0.9179999999999999,0.92,Europe,EU,Finland,FIN,246.0,IRN
24,France,IRQ,0.779,0.7879999999999999,0.798,0.804,0.818,0.825,0.83,0.8340000000000001,0.8390000000000001,0.845,0.8490000000000001,0.851,0.853,0.857,0.86,0.8690000000000001,0.8740000000000001,0.8759999999999999,0.878,0.878,0.882,0.884,0.8859999999999999,0.889,0.894,0.898,0.899,0.9009999999999999,Europe,EU,France,FRA,250.0,IRQ
24,France,IRQ,0.779,0.7879999999999999,0.798,0.804,0.818,0.825,0.83,0.8340000000000001,0.8390000000000001,0.845,0.8490000000000001,0.851,0.853,0.857,0.86,0.8690000000000001,0.8740000000000001,0.8759999999999999,0.878,0.878,0.882,0.884,0.8859999999999999,0.889,0.894,0.898,0.899,0.9009999999999999,Europe,EU,France,FRA,250.0,IRQ
24,France,IRQ,0.779,0.7879999999999999,0.798,0.804,0.818,0.825,0.83,0.8340000000000001,0.8390000000000001,0.845,0.8490000000000001,0.851,0.853,0.857,0.86,0.8690000000000001,0.8740000000000001,0.8759999999999999,0.878,0.878,0.882,0.884,0.8859999999999999,0.889,0.894,0.898,0.899,0.9009999999999999,Europe,EU,France,FRA,250.0,IRQ
110,Gabon,GAB,0.62,0.625,0.624,0.626,0.63,0.632,0.634,0.637,0.64,0.636,0.633,0.636,0.639,0.6409999999999999,0.6409999999999999,0.647,0.647,0.652,0.653,0.6609999999999999,0.665,0.67,0.6779999999999999,0.687,0.693,0.6940000000000001,0.698,0.7020000000000001,Africa,AF,Gabon,GAB,266.0,GAB
174,Gambia,GMB,0.33299999999999996,0.337,0.342,0.34600000000000003,0.349,0.353,0.36,0.364,0.371,0.37799999999999995,0.385,0.39299999999999996,0.397,0.40299999999999997,0.41200000000000003,0.41600000000000004,0.42100000000000004,0.42700000000000005,0.435,0.43799999999999994,0.441,0.44,0.445,0.45299999999999996,0.45399999999999996,0.457,0.457,0.46,Africa,AF,Gambia,GMB,270.0,GMB
70,Georgia,GEO,0.0,0.0,0,0.0,0.0,0.0,0.0,0.0,0.0,0.0,0.6729999999999999,0.6779999999999999,0.684,0.693,0.701,0.7120000000000001,0.718,0.73,0.728,0.731,0.735,0.741,0.75,0.757,0.765,0.7709999999999999,0.7759999999999999,0.78,Europe,EU,Georgia,GEO,268.0,GEO
70,Georgia,GEO,0.0,0.0,0,0.0,0.0,0.0,0.0,0.0,0.0,0.0,0.6729999999999999,0.6779999999999999,0.684,0.693,0.701,0.7120000000000001,0.718,0.73,0.728,0.731,0.735,0.741,0.75,0.757,0.765,0.7709999999999999,0.7759999999999999,0.78,Europe,EU,Georgia,GEO,268.0,GEO
70,Georgia,GEO,0.0,0.0,0,0.0,0.0,0.0,0.0,0.0,0.0,0.0,0.6729999999999999,0.6779999999999999,0.684,0.693,0.701,0.7120000000000001,0.718,0.73,0.728,0.731,0.735,0.741,0.75,0.757,0.765,0.7709999999999999,0.7759999999999999,0.78,Europe,EU,Georgia,GEO,268.0,GEO
70,Georgia,GEO,0.0,0.0,0,0.0,0.0,0.0,0.0,0.0,0.0,0.0,0.6729999999999999,0.6779999999999999,0.684,0.693,0.701,0.7120000000000001,0.718,0.73,0.728,0.731,0.735,0.741,0.75,0.757,0.765,0.7709999999999999,0.7759999999999999,0.78,Europe,EU,Georgia,GEO,268.0,GEO
70,Georgia,GEO,0.0,0.0,0,0.0,0.0,0.0,0.0,0.0,0.0,0.0,0.6729999999999999,0.6779999999999999,0.684,0.693,0.701,0.7120000000000001,0.718,0.73,0.728,0.731,0.735,0.741,0.75,0.757,0.765,0.7709999999999999,0.7759999999999999,0.78,Asia,AS,Georgia,GEO,268.0,GEO
70,Georgia,GEO,0.0,0.0,0,0.0,0.0,0.0,0.0,0.0,0.0,0.0,0.6729999999999999,0.6779999999999999,0.684,0.693,0.701,0.7120000000000001,0.718,0.73,0.728,0.731,0.735,0.741,0.75,0.757,0.765,0.7709999999999999,0.7759999999999999,0.78,Asia,AS,Georgia,GEO,268.0,GEO
70,Georgia,GEO,0.0,0.0,0,0.0,0.0,0.0,0.0,0.0,0.0,0.0,0.6729999999999999,0.6779999999999999,0.684,0.693,0.701,0.7120000000000001,0.718,0.73,0.728,0.731,0.735,0.741,0.75,0.757,0.765,0.7709999999999999,0.7759999999999999,0.78,Asia,AS,Georgia,GEO,268.0,GEO
70,Georgia,GEO,0.0,0.0,0,0.0,0.0,0.0,0.0,0.0,0.0,0.0,0.6729999999999999,0.6779999999999999,0.684,0.693,0.701,0.7120000000000001,0.718,0.73,0.728,0.731,0.735,0.741,0.75,0.757,0.765,0.7709999999999999,0.7759999999999999,0.78,Asia,AS,Georgia,GEO,268.0,GEO
5,Germany,DEU,0.8009999999999999,0.809,0.814,0.8240000000000001,0.8290000000000001,0.8340000000000001,0.8390000000000001,0.8440000000000001,0.85,0.855,0.868,0.877,0.883,0.889,0.897,0.903,0.9109999999999999,0.915,0.917,0.917,0.9209999999999999,0.9259999999999999,0.9279999999999999,0.9279999999999999,0.93,0.9329999999999999,0.934,0.9359999999999999,Europe,EU,Germany,DEU,276.0,DEU
140,Ghana,GHA,0.455,0.46,0.464,0.46799999999999997,0.47,0.473,0.474,0.47600000000000003,0.47700000000000004,0.48,0.484,0.483,0.489,0.49,0.498,0.509,0.519,0.53,0.542,0.547,0.5539999999999999,0.563,0.57,0.5770000000000001,0.5760000000000001,0.585,0.588,0.5920000000000001,Africa,AF,Ghana,GHA,288.0,GHA
31,Greece,GRC,0.753,0.763,0.764,0.762,0.7659999999999999,0.768,0.772,0.777,0.787,0.789,0.7959999999999999,0.8059999999999999,0.818,0.825,0.835,0.845,0.851,0.8490000000000001,0.857,0.858,0.856,0.852,0.8540000000000001,0.856,0.8640000000000001,0.866,0.868,0.87,Europe,EU,Greece,GRC,300.0,GRC
75,Grenada,GRD,0.0,0.0,0,0.0,0.0,0.0,0.0,0.0,0.0,0.0,0.0,0.0,0.7020000000000001,0.711,0.713,0.727,0.7290000000000001,0.735,0.7390000000000001,0.738,0.743,0.747,0.7490000000000001,0.754,0.7609999999999999,0.767,0.77,0.772,North America,,Grenada,GRD,308.0,GRD
127,Guatemala,GTM,0.478,0.483,0.49,0.495,0.5,0.507,0.515,0.523,0.531,0.539,0.546,0.5539999999999999,0.56,0.564,0.5670000000000001,0.5710000000000001,0.579,0.59,0.598,0.604,0.611,0.619,0.613,0.616,0.643,0.645,0.649,0.65,North America,,Guatemala,GTM,320.0,GTM
175,Guinea,GIN,0.276,0.28,0.283,0.287,0.29100000000000004,0.295,0.299,0.307,0.314,0.322,0.32899999999999996,0.336,0.345,0.336,0.361,0.371,0.38,0.39,0.396,0.39899999999999997,0.40399999999999997,0.418,0.428,0.435,0.44,0.44299999999999995,0.449,0.45899999999999996,Africa,AF,Guinea,GIN,324.0,GIN
175,Guinea,GIN,0.276,0.28,0.283,0.287,0.29100000000000004,0.295,0.299,0.307,0.314,0.322,0.32899999999999996,0.336,0.345,0.336,0.361,0.371,0.38,0.39,0.396,0.39899999999999997,0.40399999999999997,0.418,0.428,0.435,0.44,0.44299999999999995,0.449,0.45899999999999996,Africa,AF,Guinea,GIN,324.0,GNB
175,Guinea,GIN,0.276,0.28,0.283,0.287,0.29100000000000004,0.295,0.299,0.307,0.314,0.322,0.32899999999999996,0.336,0.345,0.336,0.361,0.371,0.38,0.39,0.396,0.39899999999999997,0.40399999999999997,0.418,0.428,0.435,0.44,0.44299999999999995,0.449,0.45899999999999996,Africa,AF,Guinea,GIN,324.0,GNB
175,Guinea,GIN,0.276,0.28,0.283,0.287,0.29100000000000004,0.295,0.299,0.307,0.314,0.322,0.32899999999999996,0.336,0.345,0.336,0.361,0.371,0.38,0.39,0.396,0.39899999999999997,0.40399999999999997,0.418,0.428,0.435,0.44,0.44299999999999995,0.449,0.45899999999999996,Africa,AF,Guinea,GIN,324.0,GNB
175,Guinea,GNB,0.276,0.28,0.283,0.287,0.29100000000000004,0.295,0.299,0.307,0.314,0.322,0.32899999999999996,0.336,0.345,0.336,0.361,0.371,0.38,0.39,0.396,0.39899999999999997,0.40399999999999997,0.418,0.428,0.435,0.44,0.44299999999999995,0.449,0.45899999999999996,Africa,AF,Guinea,GNB,624.0,GIN
175,Guinea,GNB,0.276,0.28,0.283,0.287,0.29100000000000004,0.295,0.299,0.307,0.314,0.322,0.32899999999999996,0.336,0.345,0.336,0.361,0.371,0.38,0.39,0.396,0.39899999999999997,0.40399999999999997,0.418,0.428,0.435,0.44,0.44299999999999995,0.449,0.45899999999999996,Africa,AF,Guinea,GNB,624.0,GNB
175,Guinea,GNB,0.276,0.28,0.283,0.287,0.29100000000000004,0.295,0.299,0.307,0.314,0.322,0.32899999999999996,0.336,0.345,0.336,0.361,0.371,0.38,0.39,0.396,0.39899999999999997,0.40399999999999997,0.418,0.428,0.435,0.44,0.44299999999999995,0.449,0.45899999999999996,Africa,AF,Guinea,GNB,624.0,GNB
175,Guinea,GNB,0.276,0.28,0.283,0.287,0.29100000000000004,0.295,0.299,0.307,0.314,0.322,0.32899999999999996,0.336,0.345,0.336,0.361,0.371,0.38,0.39,0.396,0.39899999999999997,0.40399999999999997,0.418,0.428,0.435,0.44,0.44299999999999995,0.449,0.45899999999999996,Africa,AF,Guinea,GNB,624.0,GNB
177,Guinea-Bissau,GNB,0.0,0.0,0,0.0,0.0,0.0,0.0,0.0,0.0,0.0,0.0,0.0,0.0,0.0,0.0,0.396,0.40399999999999997,0.409,0.415,0.42100000000000004,0.426,0.435,0.43700000000000006,0.44,0.445,0.449,0.45299999999999996,0.455,,,,,,GNB
177,Guinea-Bissau,GNB,0.0,0.0,0,0.0,0.0,0.0,0.0,0.0,0.0,0.0,0.0,0.0,0.0,0.0,0.0,0.396,0.40399999999999997,0.409,0.415,0.42100000000000004,0.426,0.435,0.43700000000000006,0.44,0.445,0.449,0.45299999999999996,0.455,,,,,,GNB
177,Guinea-Bissau,GNB,0.0,0.0,0,0.0,0.0,0.0,0.0,0.0,0.0,0.0,0.0,0.0,0.0,0.0,0.0,0.396,0.40399999999999997,0.409,0.415,0.42100000000000004,0.426,0.435,0.43700000000000006,0.44,0.445,0.449,0.45299999999999996,0.455,,,,,,GNB
125,Guyana,GUY,0.5379999999999999,0.5329999999999999,0.548,0.562,0.5720000000000001,0.578,0.589,0.594,0.597,0.6,0.604,0.607,0.609,0.605,0.611,0.614,0.614,0.618,0.621,0.624,0.63,0.639,0.642,0.645,0.648,0.6509999999999999,0.652,0.654,South America,SA,Guyana,GUY,328.0,GUY
168,Haiti,HTI,0.409,0.409,0.406,0.414,0.41700000000000004,0.418,0.42700000000000005,0.431,0.435,0.439,0.442,0.444,0.446,0.449,0.45,0.45299999999999996,0.45799999999999996,0.462,0.466,0.47,0.47,0.47700000000000004,0.48100000000000004,0.486,0.49,0.493,0.496,0.498,North America,,Haiti,HTI,332.0,HTI
133,Honduras,HND,0.506,0.509,0.513,0.521,0.524,0.529,0.534,0.541,0.546,0.5489999999999999,0.5539999999999999,0.5589999999999999,0.563,0.568,0.574,0.58,0.586,0.593,0.59,0.591,0.596,0.598,0.597,0.6,0.603,0.609,0.614,0.617,North America,,Honduras,HND,340.0,HND
7,Hong Kong,HKG,0.7809999999999999,0.7859999999999999,0.791,0.799,0.804,0.8079999999999999,0.8109999999999999,0.816,0.8170000000000001,0.821,0.8270000000000001,0.835,0.8420000000000001,0.851,0.862,0.871,0.883,0.887,0.8959999999999999,0.898,0.9009999999999999,0.904,0.9109999999999999,0.915,0.9229999999999999,0.927,0.93,0.9329999999999999,,,,,,HKG
7,Hong Kong,HKG,0.7809999999999999,0.7859999999999999,0.791,0.799,0.804,0.8079999999999999,0.8109999999999999,0.816,0.8170000000000001,0.821,0.8270000000000001,0.835,0.8420000000000001,0.851,0.862,0.871,0.883,0.887,0.8959999999999999,0.898,0.9009999999999999,0.904,0.9109999999999999,0.915,0.9229999999999999,0.927,0.93,0.9329999999999999,,,,,,HKG
45,Hungary,HUN,0.7040000000000001,0.701,0,0.7190000000000001,0.733,0.741,0.746,0.747,0.754,0.7609999999999999,0.769,0.777,0.784,0.792,0.795,0.804,0.8109999999999999,0.813,0.818,0.818,0.823,0.8270000000000001,0.83,0.835,0.833,0.8340000000000001,0.835,0.838,Europe,EU,Hungary,HUN,348.0,HUN
6,Iceland,ISL,0.802,0.815,0.818,0.818,0.823,0.826,0.831,0.84,0.8490000000000001,0.853,0.86,0.866,0.875,0.8809999999999999,0.885,0.889,0.8909999999999999,0.897,0.89,0.89,0.8909999999999999,0.9009999999999999,0.909,0.92,0.925,0.927,0.9329999999999999,0.935,Europe,EU,Iceland,ISL,352.0,ISL
130,India,IND,0.42700000000000005,0.43200000000000005,0.438,0.445,0.452,0.46,0.467,0.473,0.48,0.488,0.493,0.498,0.504,0.517,0.526,0.535,0.545,0.556,0.564,0.57,0.581,0.591,0.6,0.607,0.618,0.627,0.636,0.64,Asia,AS,India,IND,356.0,IND
116,Indonesia,IDN,0.528,0.5329999999999999,0.539,0.545,0.555,0.564,0.5770000000000001,0.59,0.59,0.598,0.606,0.612,0.618,0.624,0.629,0.632,0.6409999999999999,0.642,0.6459999999999999,0.6559999999999999,0.6609999999999999,0.669,0.675,0.6809999999999999,0.6829999999999999,0.6859999999999999,0.691,0.6940000000000001,Asia,AS,Indonesia,IDN,360.0,IDN
60,Iran (Islamic Republic of),IRN,0.5770000000000001,0.594,0.608,0.62,0.629,0.64,0.647,0.653,0.659,0.664,0.67,0.6779999999999999,0.6829999999999999,0.6890000000000001,0.691,0.695,0.731,0.736,0.741,0.747,0.755,0.7659999999999999,0.7809999999999999,0.784,0.7879999999999999,0.789,0.7959999999999999,0.7979999999999999,,,,,,IRN
60,Iran (Islamic Republic of),IRN,0.5770000000000001,0.594,0.608,0.62,0.629,0.64,0.647,0.653,0.659,0.664,0.67,0.6779999999999999,0.6829999999999999,0.6890000000000001,0.691,0.695,0.731,0.736,0.741,0.747,0.755,0.7659999999999999,0.7809999999999999,0.784,0.7879999999999999,0.789,0.7959999999999999,0.7979999999999999,,,,,,IRN
120,Iraq,IRQ,0.5720000000000001,0.527,0.541,0.561,0.561,0.5529999999999999,0.573,0.5820000000000001,0.596,0.603,0.607,0.614,0.616,0.603,0.628,0.631,0.636,0.638,0.643,0.6459999999999999,0.649,0.6559999999999999,0.659,0.6659999999999999,0.6659999999999999,0.6679999999999999,0.672,0.685,Asia,AS,Iraq,IRQ,368.0,IRQ
120,Iraq,IRQ,0.5720000000000001,0.527,0.541,0.561,0.561,0.5529999999999999,0.573,0.5820000000000001,0.596,0.603,0.607,0.614,0.616,0.603,0.628,0.631,0.636,0.638,0.643,0.6459999999999999,0.649,0.6559999999999999,0.659,0.6659999999999999,0.6659999999999999,0.6679999999999999,0.672,0.685,Asia,AS,Iraq,IRQ,368.0,IRQ
120,Iraq,IRQ,0.5720000000000001,0.527,0.541,0.561,0.561,0.5529999999999999,0.573,0.5820000000000001,0.596,0.603,0.607,0.614,0.616,0.603,0.628,0.631,0.636,0.638,0.643,0.6459999999999999,0.649,0.6559999999999999,0.659,0.6659999999999999,0.6659999999999999,0.6679999999999999,0.672,0.685,Asia,AS,Iraq,IRQ,368.0,IRQ
120,Iraq,IRQ,0.5720000000000001,0.527,0.541,0.561,0.561,0.5529999999999999,0.573,0.5820000000000001,0.596,0.603,0.607,0.614,0.616,0.603,0.628,0.631,0.636,0.638,0.643,0.6459999999999999,0.649,0.6559999999999999,0.659,0.6659999999999999,0.6659999999999999,0.6679999999999999,0.672,0.685,Asia,AS,Iraq,IRQ,368.0,IRQ
120,Iraq,IRQ,0.5720000000000001,0.527,0.541,0.561,0.561,0.5529999999999999,0.573,0.5820000000000001,0.596,0.603,0.607,0.614,0.616,0.603,0.628,0.631,0.636,0.638,0.643,0.6459999999999999,0.649,0.6559999999999999,0.659,0.6659999999999999,0.6659999999999999,0.6679999999999999,0.672,0.685,Asia,AS,Iraq,IRQ,368.0,IRQ
120,Iraq,IRQ,0.5720000000000001,0.527,0.541,0.561,0.561,0.5529999999999999,0.573,0.5820000000000001,0.596,0.603,0.607,0.614,0.616,0.603,0.628,0.631,0.636,0.638,0.643,0.6459999999999999,0.649,0.6559999999999999,0.659,0.6659999999999999,0.6659999999999999,0.6679999999999999,0.672,0.685,Asia,AS,Iraq,IRQ,368.0,IRQ
120,Iraq,IRQ,0.5720000000000001,0.527,0.541,0.561,0.561,0.5529999999999999,0.573,0.5820000000000001,0.596,0.603,0.607,0.614,0.616,0.603,0.628,0.631,0.636,0.638,0.643,0.6459999999999999,0.649,0.6559999999999999,0.659,0.6659999999999999,0.6659999999999999,0.6679999999999999,0.672,0.685,Asia,AS,Iraq,,,IRQ
120,Iraq,IRQ,0.5720000000000001,0.527,0.541,0.561,0.561,0.5529999999999999,0.573,0.5820000000000001,0.596,0.603,0.607,0.614,0.616,0.603,0.628,0.631,0.636,0.638,0.643,0.6459999999999999,0.649,0.6559999999999999,0.659,0.6659999999999999,0.6659999999999999,0.6679999999999999,0.672,0.685,Asia,AS,Iraq,,,IRQ
120,Iraq,IRQ,0.5720000000000001,0.527,0.541,0.561,0.561,0.5529999999999999,0.573,0.5820000000000001,0.596,0.603,0.607,0.614,0.616,0.603,0.628,0.631,0.636,0.638,0.643,0.6459999999999999,0.649,0.6559999999999999,0.659,0.6659999999999999,0.6659999999999999,0.6679999999999999,0.672,0.685,Asia,AS,Iraq,,,IRQ
120,Iraq,IRQ,0.5720000000000001,0.527,0.541,0.561,0.561,0.5529999999999999,0.573,0.5820000000000001,0.596,0.603,0.607,0.614,0.616,0.603,0.628,0.631,0.636,0.638,0.643,0.6459999999999999,0.649,0.6559999999999999,0.659,0.6659999999999999,0.6659999999999999,0.6679999999999999,0.672,0.685,Asia,AS,Iraq,,,IRQ
120,Iraq,IRQ,0.5720000000000001,0.527,0.541,0.561,0.561,0.5529999999999999,0.573,0.5820000000000001,0.596,0.603,0.607,0.614,0.616,0.603,0.628,0.631,0.636,0.638,0.643,0.6459999999999999,0.649,0.6559999999999999,0.659,0.6659999999999999,0.6659999999999999,0.6679999999999999,0.672,0.685,Asia,AS,Iraq,,,IRQ
120,Iraq,IRQ,0.5720000000000001,0.527,0.541,0.561,0.561,0.5529999999999999,0.573,0.5820000000000001,0.596,0.603,0.607,0.614,0.616,0.603,0.628,0.631,0.636,0.638,0.643,0.6459999999999999,0.649,0.6559999999999999,0.659,0.6659999999999999,0.6659999999999999,0.6679999999999999,0.672,0.685,Asia,AS,Iraq,,,IRQ
4,Ireland,IRL,0.763,0.767,0.773,0.7809999999999999,0.789,0.795,0.8009999999999999,0.809,0.84,0.8490000000000001,0.857,0.863,0.871,0.88,0.89,0.8959999999999999,0.902,0.9079999999999999,0.9079999999999999,0.9059999999999999,0.909,0.895,0.902,0.9109999999999999,0.9209999999999999,0.929,0.934,0.938,Europe,EU,Ireland,IRL,372.0,IRL
22,Israel,ISR,0.792,0.8,0.807,0.812,0.818,0.823,0.828,0.835,0.843,0.85,0.853,0.857,0.865,0.865,0.868,0.872,0.872,0.8809999999999999,0.88,0.882,0.887,0.892,0.893,0.895,0.899,0.9009999999999999,0.902,0.903,Asia,AS,Israel,ISR,376.0,ISR
28,Italy,ITA,0.769,0.774,0.78,0.7859999999999999,0.794,0.8,0.8059999999999999,0.8140000000000001,0.8190000000000001,0.8240000000000001,0.83,0.8370000000000001,0.8420000000000001,0.847,0.852,0.857,0.862,0.866,0.868,0.868,0.87,0.875,0.8740000000000001,0.8759999999999999,0.8740000000000001,0.8759999999999999,0.878,0.88,Europe,EU,Italy,ITA,380.0,ITA
97,Jamaica,JAM,0.638,0.639,0.645,0.653,0.655,0.657,0.66,0.6609999999999999,0.662,0.664,0.662,0.6729999999999999,0.677,0.6729999999999999,0.691,0.695,0.7,0.705,0.708,0.7090000000000001,0.7120000000000001,0.715,0.721,0.726,0.728,0.73,0.732,0.732,North America,,Jamaica,JAM,388.0,JAM
19,Japan,JPN,0.816,0.821,0.824,0.8290000000000001,0.835,0.84,0.845,0.848,0.847,0.85,0.855,0.8590000000000001,0.862,0.865,0.8690000000000001,0.873,0.877,0.88,0.8809999999999999,0.88,0.885,0.89,0.895,0.899,0.903,0.905,0.907,0.909,Asia,AS,Japan,JPN,392.0,JPN
95,Jordan,JOR,0.617,0.627,0.648,0.659,0.67,0.684,0.6859999999999999,0.6890000000000001,0.693,0.6970000000000001,0.7020000000000001,0.708,0.713,0.7190000000000001,0.726,0.7290000000000001,0.732,0.735,0.736,0.7340000000000001,0.728,0.726,0.726,0.727,0.73,0.733,0.735,0.735,Asia,AS,Jordan,JOR,400.0,JOR
58,Kazakhstan,KAZ,0.69,0.684,0,0.675,0.667,0.664,0.6659999999999999,0.669,0.672,0.6759999999999999,0.685,0.7,0.713,0.725,0.737,0.747,0.754,0.759,0.759,0.763,0.765,0.772,0.7809999999999999,0.7879999999999999,0.7929999999999999,0.797,0.797,0.8,Europe,EU,Kazakhstan,KAZ,398.0,KAZ
58,Kazakhstan,KAZ,0.69,0.684,0,0.675,0.667,0.664,0.6659999999999999,0.669,0.672,0.6759999999999999,0.685,0.7,0.713,0.725,0.737,0.747,0.754,0.759,0.759,0.763,0.765,0.772,0.7809999999999999,0.7879999999999999,0.7929999999999999,0.797,0.797,0.8,Europe,EU,Kazakhstan,KAZ,398.0,KAZ
58,Kazakhstan,KAZ,0.69,0.684,0,0.675,0.667,0.664,0.6659999999999999,0.669,0.672,0.6759999999999999,0.685,0.7,0.713,0.725,0.737,0.747,0.754,0.759,0.759,0.763,0.765,0.772,0.7809999999999999,0.7879999999999999,0.7929999999999999,0.797,0.797,0.8,Europe,EU,Kazakhstan,KAZ,398.0,KAZ
58,Kazakhstan,KAZ,0.69,0.684,0,0.675,0.667,0.664,0.6659999999999999,0.669,0.672,0.6759999999999999,0.685,0.7,0.713,0.725,0.737,0.747,0.754,0.759,0.759,0.763,0.765,0.772,0.7809999999999999,0.7879999999999999,0.7929999999999999,0.797,0.797,0.8,Europe,EU,Kazakhstan,KAZ,398.0,KAZ
58,Kazakhstan,KAZ,0.69,0.684,0,0.675,0.667,0.664,0.6659999999999999,0.669,0.672,0.6759999999999999,0.685,0.7,0.713,0.725,0.737,0.747,0.754,0.759,0.759,0.763,0.765,0.772,0.7809999999999999,0.7879999999999999,0.7929999999999999,0.797,0.797,0.8,Asia,AS,Kazakhstan,KAZ,398.0,KAZ
58,Kazakhstan,KAZ,0.69,0.684,0,0.675,0.667,0.664,0.6659999999999999,0.669,0.672,0.6759999999999999,0.685,0.7,0.713,0.725,0.737,0.747,0.754,0.759,0.759,0.763,0.765,0.772,0.7809999999999999,0.7879999999999999,0.7929999999999999,0.797,0.797,0.8,Asia,AS,Kazakhstan,KAZ,398.0,KAZ
58,Kazakhstan,KAZ,0.69,0.684,0,0.675,0.667,0.664,0.6659999999999999,0.669,0.672,0.6759999999999999,0.685,0.7,0.713,0.725,0.737,0.747,0.754,0.759,0.759,0.763,0.765,0.772,0.7809999999999999,0.7879999999999999,0.7929999999999999,0.797,0.797,0.8,Asia,AS,Kazakhstan,KAZ,398.0,KAZ
58,Kazakhstan,KAZ,0.69,0.684,0,0.675,0.667,0.664,0.6659999999999999,0.669,0.672,0.6759999999999999,0.685,0.7,0.713,0.725,0.737,0.747,0.754,0.759,0.759,0.763,0.765,0.772,0.7809999999999999,0.7879999999999999,0.7929999999999999,0.797,0.797,0.8,Asia,AS,Kazakhstan,KAZ,398.0,KAZ
142,Kenya,KEN,0.46799999999999997,0.466,0.463,0.45799999999999996,0.457,0.456,0.455,0.45299999999999996,0.452,0.451,0.451,0.456,0.456,0.46799999999999997,0.48,0.49,0.505,0.514,0.523,0.5329999999999999,0.5429999999999999,0.552,0.5589999999999999,0.5660000000000001,0.5720000000000001,0.578,0.585,0.59,Africa,AF,Kenya,KEN,404.0,KEN
134,Kiribati,KIR,0.0,0.0,0,0.0,0.0,0.0,0.0,0.0,0.0,0.0,0.552,0.5670000000000001,0.5660000000000001,0.57,0.568,0.585,0.58,0.5820000000000001,0.585,0.584,0.59,0.59,0.598,0.609,0.616,0.621,0.61,0.612,Oceania,OC,Kiribati,KIR,296.0,KIR
22,Korea (Republic of),KOR,0.728,0.7390000000000001,0.746,0.7559999999999999,0.767,0.778,0.789,0.8,0.797,0.8079999999999999,0.8170000000000001,0.8240000000000001,0.8320000000000001,0.8390000000000001,0.847,0.855,0.862,0.8690000000000001,0.8740000000000001,0.8690000000000001,0.884,0.888,0.89,0.893,0.8959999999999999,0.898,0.9,0.903,,,,,,KOR
56,Kuwait,KWT,0.713,0.6729999999999999,0.666,0.695,0.721,0.747,0.772,0.775,0.7809999999999999,0.7859999999999999,0.7859999999999999,0.7859999999999999,0.7879999999999999,0.7909999999999999,0.789,0.7829999999999999,0.7879999999999999,0.7879999999999999,0.789,0.79,0.792,0.794,0.7959999999999999,0.795,0.799,0.802,0.804,0.8029999999999999,Asia,AS,Kuwait,KWT,414.0,KWT
122,Kyrgyzstan,KGZ,0.618,0.611,0.601,0.588,0.569,0.563,0.568,0.5760000000000001,0.58,0.5870000000000001,0.594,0.602,0.604,0.611,0.615,0.616,0.621,0.628,0.631,0.636,0.636,0.639,0.649,0.6579999999999999,0.6629999999999999,0.6659999999999999,0.669,0.672,,,,,,KGZ
139,Lao People's Democratic Republic,LAO,0.4,0.405,0.411,0.41700000000000004,0.426,0.428,0.441,0.44799999999999995,0.455,0.462,0.466,0.47200000000000003,0.48,0.489,0.49700000000000005,0.506,0.512,0.521,0.529,0.539,0.546,0.5579999999999999,0.569,0.579,0.586,0.593,0.598,0.601,Asia,AS,Lao People's Democratic Republic,LAO,418.0,LAO
41,Latvia,LVA,0.7040000000000001,0.6990000000000001,0.678,0.667,0.6679999999999999,0.6729999999999999,0.68,0.6920000000000001,0.705,0.716,0.728,0.745,0.76,0.774,0.7879999999999999,0.802,0.809,0.818,0.821,0.818,0.816,0.821,0.8240000000000001,0.833,0.838,0.841,0.8440000000000001,0.847,Europe,EU,Latvia,LVA,428.0,LVA
80,Lebanon,LBN,0.0,0.0,0,0.0,0.0,0.0,0.0,0.0,0.0,0.0,0.0,0.0,0.0,0.0,0.0,0.732,0.731,0.743,0.75,0.7559999999999999,0.758,0.76,0.7509999999999999,0.7509999999999999,0.7509999999999999,0.752,0.753,0.757,Asia,AS,Lebanon,LBN,422.0,LBN
159,Lesotho,LSO,0.499,0.499,0.499,0.495,0.495,0.49200000000000005,0.48700000000000004,0.48,0.478,0.469,0.467,0.461,0.45799999999999996,0.46,0.46,0.461,0.466,0.473,0.48,0.489,0.493,0.498,0.505,0.505,0.509,0.511,0.516,0.52,Africa,AF,Lesotho,LSO,426.0,LSO
181,Liberia,LBR,0.0,0.0,0,0.0,0.0,0.0,0.0,0.0,0.0,0.35,0.387,0.377,0.374,0.335,0.373,0.37799999999999995,0.38299999999999995,0.39399999999999996,0.39899999999999997,0.40399999999999997,0.40700000000000003,0.41700000000000004,0.42,0.429,0.431,0.43200000000000005,0.43200000000000005,0.435,Africa,AF,Liberia,LBR,430.0,LBR
108,Libya,LBY,0.677,0.688,0.692,0.695,0.7,0.7040000000000001,0.7090000000000001,0.715,0.718,0.722,0.727,0.731,0.735,0.743,0.743,0.747,0.7509999999999999,0.752,0.757,0.755,0.755,0.7070000000000001,0.741,0.7070000000000001,0.695,0.6940000000000001,0.693,0.706,,,,,,LBY
17,Liechtenstein,LIE,0.0,0.0,0,0.0,0.0,0.0,0.0,0.0,0.0,0.0,0.862,0.868,0.873,0.878,0.883,0.8859999999999999,0.89,0.893,0.899,0.899,0.904,0.909,0.9129999999999999,0.912,0.9109999999999999,0.912,0.915,0.9159999999999999,Europe,EU,Liechtenstein,LIE,438.0,LIE
35,Lithuania,LTU,0.732,0.728,0.713,0.701,0.6970000000000001,0.703,0.7120000000000001,0.7240000000000001,0.736,0.7440000000000001,0.7559999999999999,0.768,0.779,0.7909999999999999,0.7979999999999999,0.809,0.8170000000000001,0.825,0.831,0.8220000000000001,0.8240000000000001,0.828,0.831,0.836,0.851,0.852,0.855,0.858,Europe,EU,Lithuania,LTU,440.0,LTU
21,Luxembourg,LUX,0.782,0.79,0.795,0.799,0.8029999999999999,0.8079999999999999,0.8170000000000001,0.826,0.8340000000000001,0.8490000000000001,0.855,0.861,0.863,0.8640000000000001,0.872,0.878,0.8809999999999999,0.888,0.89,0.883,0.889,0.892,0.892,0.892,0.895,0.899,0.904,0.904,Europe,EU,Luxembourg,LUX,442.0,LUX
161,Madagascar,MDG,0.0,0.0,0,0.0,0.0,0.0,0.0,0.0,0.0,0.0,0.456,0.462,0.457,0.466,0.47200000000000003,0.479,0.484,0.491,0.5,0.503,0.504,0.504,0.507,0.509,0.512,0.514,0.517,0.519,Africa,AF,Madagascar,MDG,450.0,MDG
171,Malawi,MWI,0.34,0.34600000000000003,0.355,0.363,0.364,0.39799999999999996,0.385,0.40399999999999997,0.40399999999999997,0.405,0.39899999999999997,0.4,0.37,0.374,0.375,0.38,0.389,0.4,0.41700000000000004,0.431,0.441,0.45,0.455,0.461,0.46799999999999997,0.47,0.474,0.47700000000000004,Africa,AF,Malawi,MWI,454.0,MWI
57,Malaysia,MYS,0.643,0.652,0.66,0.6679999999999999,0.675,0.6829999999999999,0.695,0.706,0.71,0.716,0.725,0.723,0.725,0.731,0.7340000000000001,0.731,0.737,0.75,0.7609999999999999,0.765,0.772,0.778,0.7809999999999999,0.785,0.79,0.795,0.799,0.802,Asia,AS,Malaysia,MYS,458.0,MYS
101,Maldives,MDV,0.0,0.0,0,0.0,0.0,0.539,0.5529999999999999,0.568,0.58,0.595,0.606,0.61,0.615,0.63,0.635,0.631,0.643,0.6509999999999999,0.66,0.66,0.6709999999999999,0.682,0.688,0.696,0.705,0.71,0.7120000000000001,0.7170000000000001,Asia,AS,Maldives,MDV,462.0,MDV
182,Mali,MLI,0.231,0.23800000000000002,0.243,0.249,0.256,0.262,0.271,0.281,0.29100000000000004,0.302,0.308,0.321,0.33,0.34299999999999997,0.35200000000000004,0.363,0.37200000000000005,0.36700000000000005,0.39,0.39799999999999996,0.40299999999999997,0.408,0.408,0.408,0.414,0.418,0.42100000000000004,0.42700000000000005,Africa,AF,Mali,MLI,466.0,MLI
29,Malta,MLT,0.74,0.745,0.749,0.753,0.7559999999999999,0.759,0.763,0.768,0.7759999999999999,0.78,0.7829999999999999,0.7879999999999999,0.792,0.8,0.809,0.8240000000000001,0.8220000000000001,0.8270000000000001,0.8290000000000001,0.83,0.843,0.843,0.8490000000000001,0.856,0.862,0.871,0.875,0.878,Europe,EU,Malta,MLT,470.0,MLT
106,Marshall Islands,MHL,0.0,0.0,0,0.0,0.0,0.0,0.0,0.0,0.0,0.0,0.0,0.0,0.0,0.0,0.0,0.0,0.0,0.0,0.0,0.0,0.0,0.0,0.0,0.0,0.0,0.0,0.0,0.708,Oceania,OC,Marshall Islands,MHL,584.0,MHL
159,Mauritania,MRT,0.374,0.379,0.387,0.39899999999999997,0.41100000000000003,0.418,0.428,0.42700000000000005,0.435,0.441,0.442,0.442,0.449,0.451,0.461,0.466,0.475,0.47600000000000003,0.47600000000000003,0.484,0.48700000000000004,0.49,0.499,0.508,0.514,0.514,0.516,0.52,Africa,AF,Mauritania,MRT,478.0,MRT
65,Mauritius,MUS,0.619,0.626,0.633,0.638,0.643,0.648,0.652,0.6559999999999999,0.662,0.667,0.6729999999999999,0.682,0.687,0.695,0.7040000000000001,0.713,0.72,0.728,0.7340000000000001,0.741,0.7490000000000001,0.758,0.767,0.772,0.782,0.782,0.7879999999999999,0.79,Africa,AF,Mauritius,MUS,480.0,MUS
74,Mexico,MEX,0.65,0.654,0.658,0.6629999999999999,0.67,0.669,0.677,0.6829999999999999,0.69,0.695,0.7020000000000001,0.705,0.71,0.7170000000000001,0.7240000000000001,0.728,0.736,0.7390000000000001,0.742,0.743,0.743,0.7509999999999999,0.757,0.7559999999999999,0.7609999999999999,0.767,0.772,0.774,North America,,Mexico,MEX,484.0,MEX
131,Micronesia (Federated States of),FSM,0.0,0.0,0,0.0,0.0,0.0,0.0,0.0,0.0,0.0,0.552,0.5579999999999999,0.564,0.57,0.575,0.5820000000000001,0.5870000000000001,0.5920000000000001,0.596,0.603,0.608,0.613,0.616,0.619,0.618,0.627,0.627,0.627,,,,,,FSM
112,Moldova (Republic of),MDA,0.6509999999999999,0.64,PRK,0.618,0.595,0.594,0.591,0.593,0.593,0.595,0.597,0.607,0.617,0.63,0.64,0.648,0.6559999999999999,0.6609999999999999,0.6659999999999999,0.662,0.67,0.677,0.684,0.693,0.696,0.693,0.6970000000000001,0.7,,,,,,MDA
92,Mongolia,MNG,0.579,0.574,0.561,0.547,0.55,0.555,0.561,0.568,0.5760000000000001,0.5820000000000001,0.589,0.6,0.609,0.622,0.637,0.65,0.66,0.672,0.6829999999999999,0.6890000000000001,0.6970000000000001,0.711,0.72,0.7290000000000001,0.7340000000000001,0.737,0.743,0.741,Asia,AS,Mongolia,MNG,496.0,MNG
50,Montenegro,MNE,0.0,0.0,0,0.0,0.0,0.0,0.0,0.0,0.0,0.0,0.0,0.0,0.0,0.741,0.748,0.753,0.764,0.775,0.7859999999999999,0.7879999999999999,0.7929999999999999,0.7979999999999999,0.8,0.8029999999999999,0.805,0.809,0.81,0.8140000000000001,Europe,EU,Montenegro,MNE,499.0,MNE
123,Morocco,MAR,0.45799999999999996,0.46399999999999997,0.468,0.474,0.485,0.489,0.499,0.503,0.51,0.52,0.53,0.541,0.552,0.563,0.5720000000000001,0.58,0.586,0.594,0.602,0.608,0.616,0.626,0.635,0.645,0.65,0.655,0.662,0.667,Africa,AF,Morocco,MAR,504.0,MAR
180,Mozambique,MOZ,0.209,0.212,0.208,0.214,0.221,0.22899999999999998,0.253,0.266,0.27899999999999997,0.29100000000000004,0.298,0.311,0.318,0.33299999999999996,0.34299999999999997,0.35700000000000004,0.365,0.37799999999999995,0.38799999999999996,0.397,0.40299999999999997,0.40700000000000003,0.41200000000000003,0.423,0.42700000000000005,0.43200000000000005,0.435,0.43700000000000006,Africa,AF,Mozambique,MOZ,508.0,MOZ
148,Myanmar,MMR,0.359,0.366,0.38,0.387,0.39299999999999996,0.39799999999999996,0.40399999999999997,0.41,0.413,0.42100000000000004,0.431,0.44,0.449,0.45899999999999996,0.46799999999999997,0.47700000000000004,0.48700000000000004,0.498,0.509,0.519,0.53,0.54,0.5489999999999999,0.5579999999999999,0.564,0.569,0.574,0.578,Asia,AS,Myanmar,MMR,104.0,MMR
129,Namibia,NAM,0.579,0.5820000000000001,0.587,0.589,0.591,0.588,0.581,0.575,0.569,0.56,0.5579999999999999,0.557,0.5539999999999999,0.556,0.557,0.556,0.56,0.568,0.575,0.583,0.594,0.607,0.617,0.628,0.636,0.642,0.645,0.647,Africa,AF,Namibia,NAM,516.0,NAM
149,Nepal,NPL,0.37799999999999995,0.386,0.394,0.39799999999999996,0.405,0.41,0.42,0.426,0.43200000000000005,0.439,0.446,0.447,0.457,0.462,0.469,0.475,0.486,0.491,0.502,0.514,0.529,0.535,0.5479999999999999,0.5539999999999999,0.56,0.5660000000000001,0.569,0.574,Asia,AS,Nepal,NPL,524.0,NPL
10,Netherlands,NLD,0.8290000000000001,0.8340000000000001,0.835,0.8390000000000001,0.8640000000000001,0.861,0.866,0.865,0.867,0.87,0.8759999999999999,0.879,0.878,0.883,0.8859999999999999,0.8909999999999999,0.897,0.904,0.9059999999999999,0.9059999999999999,0.91,0.9209999999999999,0.9209999999999999,0.9229999999999999,0.924,0.9259999999999999,0.9279999999999999,0.9309999999999999,Europe,EU,Netherlands,NLD,528.0,NLD
16,New Zealand,NZL,0.818,0.82,0.825,0.836,0.845,0.851,0.8540000000000001,0.86,0.863,0.865,0.8690000000000001,0.873,0.8809999999999999,0.884,0.8859999999999999,0.888,0.8909999999999999,0.894,0.894,0.898,0.899,0.902,0.905,0.907,0.91,0.914,0.915,0.917,Oceania,OC,New Zealand,NZL,554.0,NZL
124,Nicaragua,NIC,0.489,0.498,0.505,0.509,0.514,0.524,0.534,0.5429999999999999,0.552,0.562,0.57,0.5770000000000001,0.583,0.5870000000000001,0.5920000000000001,0.596,0.6,0.607,0.614,0.615,0.621,0.627,0.633,0.639,0.649,0.652,0.657,0.6579999999999999,North America,,Nicaragua,NIC,558.0,NIC
189,Niger,NER,0.21,0.214,0.216,0.22,0.22399999999999998,0.22899999999999998,0.235,0.23800000000000002,0.24600000000000002,0.25,0.252,0.258,0.263,0.266,0.27399999999999997,0.28300000000000003,0.289,0.294,0.303,0.308,0.318,0.325,0.336,0.34,0.345,0.34700000000000003,0.35100000000000003,0.354,Africa,AF,Niger,NER,562.0,NER
157,Nigeria,NGA,0.0,0.0,0,0.0,0.0,0.0,0.0,0.0,0.0,0.0,0.0,0.0,0.0,0.44299999999999995,0.462,0.465,0.475,0.479,0.485,0.49,0.484,0.494,0.512,0.519,0.524,0.527,0.53,0.532,Africa,AF,Nigeria,NGA,566.0,NGA
1,Norway,NOR,0.85,0.856,0.862,0.87,0.885,0.883,0.888,0.894,0.9059999999999999,0.9109999999999999,0.917,0.9159999999999999,0.9179999999999999,0.924,0.934,0.932,0.9359999999999999,0.938,0.938,0.938,0.9420000000000001,0.943,0.9420000000000001,0.946,0.946,0.948,0.951,0.953,Europe,EU,Norway,NOR,578.0,NOR
48,Oman,OMN,0.0,0.0,0,0.0,0.0,0.0,0.0,0.0,0.0,0.0,0.7040000000000001,0.716,0.725,0.736,0.742,0.748,0.752,0.764,0.782,0.789,0.7929999999999999,0.795,0.804,0.812,0.815,0.8220000000000001,0.8220000000000001,0.821,Asia,AS,Oman,OMN,512.0,OMN
150,Pakistan,PAK,0.40399999999999997,0.409,0.414,0.418,0.423,0.428,0.433,0.43700000000000006,0.441,0.445,0.45,0.457,0.465,0.473,0.48700000000000004,0.5,0.505,0.513,0.515,0.522,0.526,0.53,0.535,0.5379999999999999,0.5479999999999999,0.551,0.56,0.562,Asia,AS,Pakistan,PAK,586.0,PAK
60,Palau,PLW,0.0,0.0,0,0.0,0.0,0.0,0.0,0.0,0.0,0.0,0.743,0.747,0.7509999999999999,0.754,0.758,0.76,0.762,0.765,0.764,0.767,0.769,0.775,0.778,0.78,0.7859999999999999,0.7929999999999999,0.7979999999999999,0.7979999999999999,Oceania,OC,Palau,PLW,585.0,PLW
119,Palestine,PSE,0.0,0.0,0,0.0,0.0,0.0,0.0,0.0,0.0,0.0,0.0,0.0,0.0,0.0,0.65,0.657,0.6579999999999999,0.6629999999999999,0.66,0.67,0.672,0.677,0.687,0.679,0.679,0.687,0.6890000000000001,0.6859999999999999,,,,,,PSE
66,Panama,PAN,0.66,0.665,0.673,0.68,0.684,0.688,0.6940000000000001,0.7,0.708,0.713,0.7190000000000001,0.722,0.728,0.73,0.735,0.7390000000000001,0.7440000000000001,0.7509999999999999,0.755,0.7559999999999999,0.758,0.764,0.7709999999999999,0.7759999999999999,0.7809999999999999,0.7809999999999999,0.785,0.789,North America,,Panama,PAN,591.0,PAN
153,Papua New Guinea,PNG,0.38,0.38799999999999996,0.398,0.41,0.41700000000000004,0.425,0.43200000000000005,0.435,0.441,0.445,0.449,0.456,0.462,0.469,0.47200000000000003,0.479,0.484,0.499,0.503,0.51,0.52,0.529,0.53,0.534,0.536,0.542,0.5429999999999999,0.544,Oceania,OC,Papua New Guinea,PNG,598.0,PNG
110,Paraguay,PRY,0.58,0.585,0.589,0.596,0.6,0.606,0.613,0.618,0.622,0.625,0.624,0.632,0.642,0.64,0.6459999999999999,0.649,0.649,0.655,0.664,0.659,0.675,0.68,0.68,0.695,0.698,0.7020000000000001,0.7020000000000001,0.7020000000000001,South America,SA,Paraguay,PRY,600.0,PRY
89,Peru,PER,0.611,0.617,0.617,0.622,0.633,0.643,0.648,0.654,0.665,0.675,0.6779999999999999,0.6859999999999999,0.687,0.6859999999999999,0.693,0.698,0.695,0.703,0.7120000000000001,0.715,0.7170000000000001,0.7290000000000001,0.7290000000000001,0.736,0.746,0.745,0.748,0.75,South America,SA,Peru,PER,604.0,PER
113,Philippines,PHL,0.586,0.5870000000000001,0.589,0.591,0.595,0.598,0.606,0.611,0.615,0.62,0.624,0.628,0.633,0.637,0.647,0.65,0.6509999999999999,0.657,0.6609999999999999,0.659,0.665,0.67,0.677,0.685,0.6890000000000001,0.693,0.696,0.6990000000000001,Asia,AS,Philippines,PHL,608.0,PHL
33,Poland,POL,0.7120000000000001,0.711,0.714,0.725,0.7340000000000001,0.74,0.748,0.759,0.769,0.778,0.785,0.7909999999999999,0.799,0.804,0.802,0.8079999999999999,0.8140000000000001,0.8190000000000001,0.8240000000000001,0.828,0.835,0.8390000000000001,0.836,0.85,0.8420000000000001,0.855,0.86,0.865,Europe,EU,Poland,POL,616.0,POL
41,Portugal,PRT,0.711,0.72,0.732,0.745,0.753,0.76,0.767,0.773,0.78,0.779,0.785,0.79,0.792,0.7959999999999999,0.797,0.8,0.8029999999999999,0.81,0.8140000000000001,0.8170000000000001,0.8220000000000001,0.826,0.8290000000000001,0.8370000000000001,0.8390000000000001,0.8420000000000001,0.845,0.847,Europe,EU,Portugal,PRT,620.0,PRT
37,Qatar,QAT,0.754,0.7509999999999999,0.753,0.764,0.775,0.784,0.7959999999999999,0.8,0.804,0.8079999999999999,0.81,0.8109999999999999,0.816,0.823,0.826,0.831,0.8270000000000001,0.83,0.835,0.833,0.825,0.836,0.8440000000000001,0.8540000000000001,0.853,0.8540000000000001,0.855,0.856,Asia,AS,Qatar,QAT,634.0,QAT
52,Romania,ROU,0.701,0.6859999999999999,0.678,0.6779999999999999,0.6809999999999999,0.687,0.695,0.696,0.698,0.7040000000000001,0.7090000000000001,0.715,0.7240000000000001,0.7340000000000001,0.746,0.755,0.767,0.7809999999999999,0.795,0.7979999999999999,0.797,0.7979999999999999,0.795,0.8,0.802,0.805,0.807,0.8109999999999999,Europe,EU,Romania,ROU,642.0,ROU
49,Russian Federation,RUS,0.7340000000000001,0.7290000000000001,0.718,0.71,0.7020000000000001,0.7,0.701,0.7040000000000001,0.703,0.7090000000000001,0.72,0.727,0.732,0.74,0.746,0.752,0.759,0.767,0.774,0.7709999999999999,0.78,0.789,0.7979999999999999,0.804,0.807,0.813,0.815,0.816,Europe,EU,Russian Federation,RUS,643.0,RUS
49,Russian Federation,RUS,0.7340000000000001,0.7290000000000001,0.718,0.71,0.7020000000000001,0.7,0.701,0.7040000000000001,0.703,0.7090000000000001,0.72,0.727,0.732,0.74,0.746,0.752,0.759,0.767,0.774,0.7709999999999999,0.78,0.789,0.7979999999999999,0.804,0.807,0.813,0.815,0.816,Europe,EU,Russian Federation,RUS,643.0,RUS
49,Russian Federation,RUS,0.7340000000000001,0.7290000000000001,0.718,0.71,0.7020000000000001,0.7,0.701,0.7040000000000001,0.703,0.7090000000000001,0.72,0.727,0.732,0.74,0.746,0.752,0.759,0.767,0.774,0.7709999999999999,0.78,0.789,0.7979999999999999,0.804,0.807,0.813,0.815,0.816,Europe,EU,Russian Federation,RUS,643.0,RUS
49,Russian Federation,RUS,0.7340000000000001,0.7290000000000001,0.718,0.71,0.7020000000000001,0.7,0.701,0.7040000000000001,0.703,0.7090000000000001,0.72,0.727,0.732,0.74,0.746,0.752,0.759,0.767,0.774,0.7709999999999999,0.78,0.789,0.7979999999999999,0.804,0.807,0.813,0.815,0.816,Europe,EU,Russian Federation,RUS,643.0,RUS
49,Russian Federation,RUS,0.7340000000000001,0.7290000000000001,0.718,0.71,0.7020000000000001,0.7,0.701,0.7040000000000001,0.703,0.7090000000000001,0.72,0.727,0.732,0.74,0.746,0.752,0.759,0.767,0.774,0.7709999999999999,0.78,0.789,0.7979999999999999,0.804,0.807,0.813,0.815,0.816,Asia,AS,Russian Federation,RUS,643.0,RUS
49,Russian Federation,RUS,0.7340000000000001,0.7290000000000001,0.718,0.71,0.7020000000000001,0.7,0.701,0.7040000000000001,0.703,0.7090000000000001,0.72,0.727,0.732,0.74,0.746,0.752,0.759,0.767,0.774,0.7709999999999999,0.78,0.789,0.7979999999999999,0.804,0.807,0.813,0.815,0.816,Asia,AS,Russian Federation,RUS,643.0,RUS
49,Russian Federation,RUS,0.7340000000000001,0.7290000000000001,0.718,0.71,0.7020000000000001,0.7,0.701,0.7040000000000001,0.703,0.7090000000000001,0.72,0.727,0.732,0.74,0.746,0.752,0.759,0.767,0.774,0.7709999999999999,0.78,0.789,0.7979999999999999,0.804,0.807,0.813,0.815,0.816,Asia,AS,Russian Federation,RUS,643.0,RUS
49,Russian Federation,RUS,0.7340000000000001,0.7290000000000001,0.718,0.71,0.7020000000000001,0.7,0.701,0.7040000000000001,0.703,0.7090000000000001,0.72,0.727,0.732,0.74,0.746,0.752,0.759,0.767,0.774,0.7709999999999999,0.78,0.789,0.7979999999999999,0.804,0.807,0.813,0.815,0.816,Asia,AS,Russian Federation,RUS,643.0,RUS
158,Rwanda,RWA,0.25,0.22699999999999998,0.213,0.209,0.19899999999999998,0.23399999999999999,0.262,0.28800000000000003,0.302,0.32,0.335,0.345,0.361,0.374,0.391,0.408,0.429,0.445,0.455,0.47,0.485,0.493,0.5,0.503,0.509,0.51,0.52,0.524,Africa,AF,Rwanda,RWA,646.0,RWA
72,Saint Kitts and Nevis,KNA,0.0,0.0,0,0.0,0.0,0.0,0.0,0.0,0.0,0.0,0.0,0.0,0.0,0.0,0.0,0.727,0.73,0.733,0.738,0.74,0.745,0.7509999999999999,0.7559999999999999,0.763,0.77,0.773,0.774,0.778,North America,,Saint Kitts and Nevis,KNA,659.0,KNA
90,Saint Lucia,LCA,0.0,0.0,0,0.0,0.0,0.0,0.0,0.0,0.0,0.0,0.69,0.687,0.6890000000000001,0.6920000000000001,0.695,0.7,0.711,0.713,0.7190000000000001,0.7240000000000001,0.731,0.7340000000000001,0.73,0.733,0.737,0.7440000000000001,0.745,0.747,North America,,Saint Lucia,LCA,662.0,LCA
99,Saint Vincent and the Grenadines,VCT,0.0,0.0,0,0.0,0.0,0.0,0.0,0.0,0.0,0.0,0.6729999999999999,0.677,0.682,0.6890000000000001,0.6920000000000001,0.6970000000000001,0.7040000000000001,0.7090000000000001,0.71,0.713,0.715,0.7170000000000001,0.718,0.721,0.72,0.72,0.721,0.723,North America,,Saint Vincent and the Grenadines,VCT,670.0,VCT
104,Samoa,WSM,0.62,0.622,0.624,0.63,0.611,0.618,0.628,0.63,0.636,0.642,0.647,0.654,0.659,0.6629999999999999,0.669,0.6729999999999999,0.675,0.6809999999999999,0.685,0.687,0.693,0.6970000000000001,0.6970000000000001,0.7,0.703,0.706,0.711,0.713,Oceania,OC,Samoa,WSM,882.0,WSM
143,Sao Tome and Principe,STP,0.45299999999999996,0.455,0.458,0.462,0.466,0.469,0.474,0.47700000000000004,0.48100000000000004,0.486,0.49,0.496,0.499,0.505,0.51,0.517,0.526,0.53,0.53,0.5379999999999999,0.542,0.5479999999999999,0.551,0.56,0.5670000000000001,0.58,0.584,0.589,Africa,AF,Sao Tome and Principe,STP,678.0,STP
39,Saudi Arabia,SAU,0.6970000000000001,0.706,0.711,0.7140000000000001,0.718,0.722,0.727,0.731,0.736,0.738,0.743,0.746,0.748,0.7559999999999999,0.765,0.77,0.777,0.7829999999999999,0.7909999999999999,0.7959999999999999,0.8079999999999999,0.823,0.835,0.8440000000000001,0.852,0.8540000000000001,0.8540000000000001,0.853,Asia,AS,Saudi Arabia,SAU,682.0,SAU
164,Senegal,SEN,0.36700000000000005,0.36700000000000005,0.368,0.36700000000000005,0.366,0.368,0.369,0.37,0.373,0.375,0.38,0.395,0.4,0.40700000000000003,0.415,0.42200000000000004,0.42700000000000005,0.436,0.445,0.449,0.456,0.467,0.47600000000000003,0.48100000000000004,0.486,0.49200000000000005,0.499,0.505,Africa,AF,Senegal,SEN,686.0,SEN
67,Serbia,SRB,0.718,0.715,0.702,0.685,0.6890000000000001,0.695,0.6990000000000001,0.705,0.708,0.7040000000000001,0.711,0.716,0.72,0.726,0.7340000000000001,0.742,0.747,0.7509999999999999,0.757,0.759,0.759,0.769,0.768,0.7709999999999999,0.775,0.78,0.785,0.787,Europe,EU,Serbia,SRB,688.0,SRB
62,Seychelles,SYC,0.0,0.0,0,0.0,0.0,0.0,0.0,0.0,0.0,0.0,0.718,0.7140000000000001,0.716,0.7170000000000001,0.715,0.73,0.72,0.741,0.741,0.741,0.747,0.741,0.77,0.779,0.7859999999999999,0.7909999999999999,0.7929999999999999,0.797,Africa,AF,Seychelles,SYC,690.0,SYC
184,Sierra Leone,SLE,0.275,0.267,0.264,0.26899999999999996,0.271,0.27399999999999997,0.26899999999999996,0.268,0.272,0.276,0.284,0.299,0.315,0.325,0.33399999999999996,0.342,0.35,0.363,0.373,0.381,0.385,0.392,0.40700000000000003,0.419,0.423,0.413,0.413,0.419,Africa,AF,Sierra Leone,SLE,694.0,SLE
9,Singapore,SGP,0.718,0.7290000000000001,0.74,0.7509999999999999,0.763,0.773,0.782,0.7929999999999999,0.7979999999999999,0.809,0.8190000000000001,0.8220000000000001,0.83,0.838,0.845,0.868,0.871,0.878,0.883,0.884,0.909,0.914,0.92,0.9229999999999999,0.9279999999999999,0.929,0.93,0.932,Asia,AS,Singapore,SGP,702.0,SGP
38,Slovakia,SVK,0.7390000000000001,0.7340000000000001,0.733,0.737,0.743,0.7509999999999999,0.754,0.757,0.763,0.762,0.764,0.764,0.7709999999999999,0.777,0.785,0.794,0.8029999999999999,0.8140000000000001,0.8220000000000001,0.8240000000000001,0.8290000000000001,0.8370000000000001,0.8420000000000001,0.8440000000000001,0.845,0.851,0.853,0.855,,,,,,SVK
25,Slovenia,SVN,0.767,0.765,0.766,0.769,0.775,0.782,0.7879999999999999,0.7959999999999999,0.805,0.8190000000000001,0.825,0.835,0.843,0.85,0.857,0.861,0.8690000000000001,0.873,0.878,0.878,0.882,0.884,0.877,0.885,0.887,0.889,0.894,0.8959999999999999,Europe,EU,Slovenia,SVN,705.0,SVN
152,Solomon Islands,SLB,0.0,0.0,0,0.0,0.0,0.0,0.0,0.0,0.0,0.46299999999999997,0.45,0.455,0.462,0.469,0.47700000000000004,0.48700000000000004,0.49700000000000005,0.505,0.504,0.49700000000000005,0.507,0.514,0.529,0.539,0.539,0.546,0.5429999999999999,0.546,Oceania,OC,Solomon Islands,SLB,90.0,SLB
113,South Africa,ZAF,0.618,0.626,0.635,0.6409999999999999,0.645,0.649,0.647,0.644,0.639,0.634,0.63,0.61,0.617,0.615,0.613,0.614,0.616,0.621,0.633,0.642,0.649,0.657,0.664,0.675,0.685,0.6920000000000001,0.696,0.6990000000000001,Africa,AF,South Africa,ZAF,710.0,ZAF
187,South Sudan,SSD,0.0,0.0,0,0.0,0.0,0.0,0.0,0.0,0.0,0.0,0.0,0.0,0.0,0.0,0.0,0.0,0.0,0.0,0.0,0.0,0.413,0.41600000000000004,0.38799999999999996,0.392,0.397,0.39899999999999997,0.39399999999999996,0.38799999999999996,Africa,AF,South Sudan,SSD,728.0,SSD
26,Spain,ESP,0.754,0.764,0.772,0.782,0.7909999999999999,0.8,0.8059999999999999,0.81,0.8140000000000001,0.8190000000000001,0.825,0.828,0.83,0.833,0.8370000000000001,0.8440000000000001,0.848,0.853,0.856,0.858,0.865,0.87,0.873,0.875,0.88,0.885,0.889,0.8909999999999999,Europe,EU,Spain,ESP,724.0,ESP
76,Sri Lanka,LKA,0.625,0.63,0.635,0.637,0.6459999999999999,0.65,0.655,0.662,0.6679999999999999,0.6759999999999999,0.685,0.691,0.6970000000000001,0.705,0.711,0.718,0.7240000000000001,0.73,0.738,0.74,0.745,0.7509999999999999,0.757,0.759,0.763,0.7659999999999999,0.768,0.77,Asia,AS,Sri Lanka,LKA,144.0,LKA
167,Sudan,SDN,0.331,0.336,0.345,0.35200000000000004,0.359,0.366,0.375,0.384,0.39,0.396,0.402,0.408,0.414,0.42,0.429,0.436,0.446,0.451,0.46299999999999997,0.46799999999999997,0.47,0.474,0.485,0.475,0.49200000000000005,0.49700000000000005,0.499,0.502,Africa,AF,Sudan,SDN,736.0,SDN
100,Suriname,SUR,0.0,0.0,0,0.0,0.0,0.0,0.0,0.0,0.0,0.0,0.0,0.0,0.0,0.0,0.6709999999999999,0.6759999999999999,0.6809999999999999,0.687,0.691,0.677,0.703,0.706,0.711,0.715,0.718,0.722,0.7190000000000001,0.72,South America,SA,Suriname,SUR,740.0,SUR
7,Sweden,SWE,0.816,0.818,0.821,0.84,0.8490000000000001,0.856,0.863,0.8740000000000001,0.888,0.893,0.897,0.9,0.902,0.9079999999999999,0.8959999999999999,0.899,0.902,0.905,0.9009999999999999,0.899,0.905,0.9059999999999999,0.9079999999999999,0.912,0.92,0.929,0.932,0.9329999999999999,Europe,EU,Sweden,SWE,752.0,SWE
2,Switzerland,CHE,0.8320000000000001,0.8340000000000001,0.836,0.841,0.8440000000000001,0.848,0.8540000000000001,0.8640000000000001,0.873,0.8809999999999999,0.889,0.8909999999999999,0.8909999999999999,0.8959999999999999,0.9009999999999999,0.905,0.912,0.915,0.917,0.927,0.932,0.932,0.935,0.938,0.9390000000000001,0.9420000000000001,0.943,0.9440000000000001,Europe,EU,Switzerland,CHE,756.0,CHE
155,Syrian Arab Republic,SYR,0.0,0.562,0.568,0.5710000000000001,0.5760000000000001,0.579,0.583,0.5870000000000001,0.59,0.589,0.59,0.597,0.6,0.61,0.623,0.635,0.643,0.649,0.6459999999999999,0.648,0.644,0.642,0.631,0.5720000000000001,0.55,0.5379999999999999,0.536,0.536,Asia,AS,Syrian Arab Republic,SYR,760.0,SYR
127,Tajikistan,TJK,0.623,0.618,0.597,0.579,0.5579999999999999,0.55,0.534,0.5379999999999999,0.541,0.544,0.55,0.5579999999999999,0.568,0.578,0.5870000000000001,0.593,0.599,0.604,0.618,0.62,0.634,0.637,0.642,0.6459999999999999,0.645,0.645,0.647,0.65,Asia,AS,Tajikistan,TJK,762.0,TJK
154,Tanzania (United Republic of),TZA,0.37,0.371,0.37,0.37,0.369,0.371,0.37200000000000005,0.375,0.381,0.38799999999999996,0.395,0.40299999999999997,0.413,0.423,0.434,0.44799999999999995,0.45799999999999996,0.46799999999999997,0.47700000000000004,0.486,0.493,0.499,0.506,0.507,0.515,0.528,0.5329999999999999,0.5379999999999999,,,,,,TZA
83,Thailand,THA,0.574,0.583,0.589,0.597,0.604,0.611,0.619,0.625,0.63,0.64,0.649,0.657,0.6659999999999999,0.674,0.6829999999999999,0.693,0.6990000000000001,0.71,0.7140000000000001,0.718,0.7240000000000001,0.727,0.731,0.728,0.735,0.741,0.748,0.755,Asia,AS,Thailand,THA,764.0,THA
132,Timor-Leste,TLS,0.0,0.0,0,0.0,0.0,0.0,0.0,0.0,0.0,0.0,0.507,0.513,0.523,0.525,0.519,0.496,0.536,0.581,0.599,0.61,0.619,0.624,0.599,0.614,0.61,0.63,0.631,0.625,,,,,,TLS
165,Togo,TGO,0.405,0.408,0.399,0.39,0.396,0.409,0.41700000000000004,0.424,0.423,0.424,0.425,0.426,0.42700000000000005,0.431,0.434,0.436,0.44299999999999995,0.441,0.44,0.449,0.456,0.46299999999999997,0.466,0.47200000000000003,0.48100000000000004,0.495,0.5,0.503,Africa,AF,Togo,TGO,768.0,TGO
98,Tonga,TON,0.648,0.654,0.656,0.66,0.6679999999999999,0.6709999999999999,0.6709999999999999,0.6709999999999999,0.674,0.6759999999999999,0.6729999999999999,0.677,0.6829999999999999,0.6920000000000001,0.693,0.693,0.695,0.698,0.7020000000000001,0.706,0.7120000000000001,0.716,0.7170000000000001,0.716,0.7170000000000001,0.721,0.7240000000000001,0.726,Oceania,OC,Tonga,TON,776.0,TON
69,Trinidad and Tobago,TTO,0.672,0.6729999999999999,0.673,0.675,0.679,0.6829999999999999,0.69,0.6970000000000001,0.7040000000000001,0.711,0.716,0.721,0.728,0.737,0.746,0.752,0.757,0.768,0.773,0.772,0.775,0.773,0.774,0.779,0.779,0.7829999999999999,0.785,0.784,North America,,Trinidad and Tobago,TTO,780.0,TTO
95,Tunisia,TUN,0.569,0.575,0.583,0.589,0.6,0.607,0.616,0.623,0.634,0.645,0.653,0.6609999999999999,0.6659999999999999,0.6729999999999999,0.682,0.6890000000000001,0.695,0.701,0.7070000000000001,0.71,0.716,0.718,0.7190000000000001,0.723,0.725,0.728,0.732,0.735,Africa,AF,Tunisia,TUN,788.0,TUN
64,Turkey,TUR,0.579,0.583,0.589,0.597,0.599,0.607,0.615,0.624,0.635,0.643,0.655,0.662,0.672,0.679,0.685,0.69,0.701,0.708,0.71,0.718,0.7340000000000001,0.753,0.76,0.7709999999999999,0.778,0.7829999999999999,0.787,0.7909999999999999,Europe,EU,Turkey,TUR,792.0,TUR
64,Turkey,TUR,0.579,0.583,0.589,0.597,0.599,0.607,0.615,0.624,0.635,0.643,0.655,0.662,0.672,0.679,0.685,0.69,0.701,0.708,0.71,0.718,0.7340000000000001,0.753,0.76,0.7709999999999999,0.778,0.7829999999999999,0.787,0.7909999999999999,Europe,EU,Turkey,TUR,792.0,TUR
64,Turkey,TUR,0.579,0.583,0.589,0.597,0.599,0.607,0.615,0.624,0.635,0.643,0.655,0.662,0.672,0.679,0.685,0.69,0.701,0.708,0.71,0.718,0.7340000000000001,0.753,0.76,0.7709999999999999,0.778,0.7829999999999999,0.787,0.7909999999999999,Europe,EU,Turkey,TUR,792.0,TUR
64,Turkey,TUR,0.579,0.583,0.589,0.597,0.599,0.607,0.615,0.624,0.635,0.643,0.655,0.662,0.672,0.679,0.685,0.69,0.701,0.708,0.71,0.718,0.7340000000000001,0.753,0.76,0.7709999999999999,0.778,0.7829999999999999,0.787,0.7909999999999999,Europe,EU,Turkey,TUR,792.0,TUR
64,Turkey,TUR,0.579,0.583,0.589,0.597,0.599,0.607,0.615,0.624,0.635,0.643,0.655,0.662,0.672,0.679,0.685,0.69,0.701,0.708,0.71,0.718,0.7340000000000001,0.753,0.76,0.7709999999999999,0.778,0.7829999999999999,0.787,0.7909999999999999,Asia,AS,Turkey,TUR,792.0,TUR
64,Turkey,TUR,0.579,0.583,0.589,0.597,0.599,0.607,0.615,0.624,0.635,0.643,0.655,0.662,0.672,0.679,0.685,0.69,0.701,0.708,0.71,0.718,0.7340000000000001,0.753,0.76,0.7709999999999999,0.778,0.7829999999999999,0.787,0.7909999999999999,Asia,AS,Turkey,TUR,792.0,TUR
64,Turkey,TUR,0.579,0.583,0.589,0.597,0.599,0.607,0.615,0.624,0.635,0.643,0.655,0.662,0.672,0.679,0.685,0.69,0.701,0.708,0.71,0.718,0.7340000000000001,0.753,0.76,0.7709999999999999,0.778,0.7829999999999999,0.787,0.7909999999999999,Asia,AS,Turkey,TUR,792.0,TUR
64,Turkey,TUR,0.579,0.583,0.589,0.597,0.599,0.607,0.615,0.624,0.635,0.643,0.655,0.662,0.672,0.679,0.685,0.69,0.701,0.708,0.71,0.718,0.7340000000000001,0.753,0.76,0.7709999999999999,0.778,0.7829999999999999,0.787,0.7909999999999999,Asia,AS,Turkey,TUR,792.0,TUR
108,Turkmenistan,TKM,0.0,0.0,0,0.0,0.0,0.0,0.0,0.0,0.0,0.0,0.0,0.0,0.0,0.0,0.0,0.0,0.0,0.0,0.0,0.0,0.6729999999999999,0.68,0.6859999999999999,0.6920000000000001,0.6970000000000001,0.701,0.705,0.706,Asia,AS,Turkmenistan,TKM,795.0,TKM
162,Uganda,UGA,0.311,0.311,0.305,0.312,0.315,0.321,0.33799999999999997,0.353,0.368,0.384,0.39799999999999996,0.406,0.42100000000000004,0.43,0.43,0.43700000000000006,0.449,0.45899999999999996,0.47,0.47700000000000004,0.486,0.49,0.49200000000000005,0.496,0.5,0.505,0.508,0.516,Africa,AF,Uganda,UGA,800.0,UGA
88,Ukraine,UKR,0.705,0.701,0.692,0.6809999999999999,0.6679999999999999,0.664,0.6609999999999999,0.6629999999999999,0.665,0.667,0.6709999999999999,0.6809999999999999,0.6890000000000001,0.6990000000000001,0.706,0.715,0.721,0.7290000000000001,0.733,0.727,0.733,0.738,0.743,0.745,0.748,0.743,0.746,0.7509999999999999,Europe,EU,Ukraine,UKR,804.0,UKR
34,United Arab Emirates,ARE,0.727,0.738,0.742,0.748,0.7559999999999999,0.764,0.7709999999999999,0.778,0.785,0.7909999999999999,0.7979999999999999,0.8029999999999999,0.8079999999999999,0.813,0.818,0.825,0.83,0.835,0.838,0.835,0.836,0.841,0.846,0.851,0.855,0.86,0.862,0.863,Asia,AS,United Arab Emirates,ARE,784.0,ARE
14,United Kingdom,GBR,0.775,0.7879999999999999,0.801,0.8140000000000001,0.8270000000000001,0.8390000000000001,0.8440000000000001,0.8490000000000001,0.855,0.861,0.867,0.871,0.8740000000000001,0.878,0.8859999999999999,0.8909999999999999,0.889,0.892,0.8959999999999999,0.899,0.905,0.899,0.898,0.915,0.919,0.9179999999999999,0.92,0.922,,,,,,GBR
13,United States,USA,0.86,0.861,0.867,0.871,0.875,0.877,0.879,0.8809999999999999,0.884,0.885,0.885,0.887,0.889,0.893,0.895,0.898,0.9009999999999999,0.905,0.91,0.91,0.914,0.917,0.9179999999999999,0.9159999999999999,0.9179999999999999,0.92,0.922,0.924,North America,,United States,USA,840.0,USA
55,Uruguay,URY,0.6920000000000001,0.6970000000000001,0.7,0.703,0.7090000000000001,0.711,0.7170000000000001,0.727,0.735,0.737,0.742,0.746,0.747,0.75,0.754,0.7559999999999999,0.7609999999999999,0.762,0.7659999999999999,0.778,0.773,0.782,0.79,0.797,0.8009999999999999,0.8,0.802,0.804,South America,SA,Uruguay,URY,858.0,URY
105,Uzbekistan,UZB,0.0,0.0,0,0.0,0.0,0.0,0.0,0.0,0.0,0.0,0.595,0.602,0.609,0.614,0.621,0.628,0.634,0.6459999999999999,0.653,0.659,0.6659999999999999,0.674,0.6829999999999999,0.69,0.695,0.698,0.703,0.71,Asia,AS,Uzbekistan,UZB,860.0,UZB
138,Vanuatu,VUT,0.0,0.0,0,0.0,0.0,0.0,0.0,0.0,0.0,0.0,0.0,0.0,0.0,0.0,0.0,0.5720000000000001,0.579,0.5820000000000001,0.589,0.59,0.591,0.5920000000000001,0.5920000000000001,0.597,0.598,0.599,0.6,0.603,Oceania,OC,Vanuatu,VUT,548.0,VUT
78,Venezuela (Bolivarian Republic of),VEN,0.634,0.644,0.651,0.653,0.654,0.6579999999999999,0.66,0.664,0.667,0.67,0.672,0.68,0.688,0.687,0.7,0.7140000000000001,0.727,0.7440000000000001,0.753,0.753,0.759,0.7709999999999999,0.774,0.7759999999999999,0.778,0.775,0.7659999999999999,0.7609999999999999,,,,,,VEN
116,Viet Nam,VNM,0.475,0.484,0.496,0.506,0.517,0.529,0.54,0.539,0.5589999999999999,0.5670000000000001,0.579,0.5870000000000001,0.595,0.603,0.612,0.616,0.624,0.632,0.64,0.6559999999999999,0.654,0.664,0.67,0.675,0.6779999999999999,0.684,0.6890000000000001,0.6940000000000001,,,,,,VNM
178,Yemen,YEM,0.39899999999999997,0.40299999999999997,0.405,0.408,0.409,0.415,0.42200000000000004,0.42700000000000005,0.431,0.434,0.44299999999999995,0.45,0.456,0.46299999999999997,0.469,0.474,0.479,0.48200000000000004,0.485,0.491,0.498,0.499,0.505,0.507,0.505,0.483,0.462,0.452,Asia,AS,Yemen,YEM,887.0,YEM
144,Zambia,ZMB,0.401,0.402,0.403,0.409,0.408,0.41200000000000003,0.41600000000000004,0.419,0.42,0.426,0.43200000000000005,0.44,0.449,0.46,0.469,0.48,0.49200000000000005,0.503,0.517,0.5329999999999999,0.544,0.556,0.569,0.574,0.58,0.583,0.586,0.588,Africa,AF,Zambia,ZMB,894.0,ZMB
156,Zimbabwe,ZWE,0.491,0.494,0.481,0.47600000000000003,0.473,0.467,0.466,0.45899999999999996,0.45299999999999996,0.44799999999999995,0.44,0.442,0.435,0.428,0.428,0.43,0.435,0.442,0.439,0.45,0.467,0.478,0.505,0.516,0.525,0.529,0.532,0.535,Africa,AF,Zimbabwe,ZWE,716.0,ZWE
0,Korea (Democratic People's Rep. of),PRK,0.0,0.0,0,0.0,0.0,0.0,0.0,0.0,0.0,0.0,0.0,0.0,0.0,0.0,0.0,0.0,0.0,0.0,0.0,0.0,0.0,0.0,0.0,0.0,0.0,0.0,0.0,0.0,,,,,,PRK
0,Monaco,MCO,0.0,0.0,0,0.0,0.0,0.0,0.0,0.0,0.0,0.0,0.0,0.0,0.0,0.0,0.0,0.0,0.0,0.0,0.0,0.0,0.0,0.0,0.0,0.0,0.0,0.0,0.0,0.0,Europe,EU,Monaco,MCO,492.0,MCO
0,Nauru,NRU,0.0,0.0,0,0.0,0.0,0.0,0.0,0.0,0.0,0.0,0.0,0.0,0.0,0.0,0.0,0.0,0.0,0.0,0.0,0.0,0.0,0.0,0.0,0.0,0.0,0.0,0.0,0.0,Oceania,OC,Nauru,NRU,520.0,NRU
0,San Marino,SMR,0.0,0.0,0,0.0,0.0,0.0,0.0,0.0,0.0,0.0,0.0,0.0,0.0,0.0,0.0,0.0,0.0,0.0,0.0,0.0,0.0,0.0,0.0,0.0,0.0,0.0,0.0,0.0,Europe,EU,San Marino,SMR,674.0,SMR
0,Somalia,SOM,0.0,0.0,0,0.0,0.0,0.0,0.0,0.0,0.0,0.0,0.0,0.0,0.0,0.0,0.0,0.0,0.0,0.0,0.0,0.0,0.0,0.0,0.0,0.0,0.0,0.0,0.0,0.0,Africa,AF,Somalia,SOM,706.0,SOM
0,Tuvalu,TUV,0.0,0.0,0,0.0,0.0,0.0,0.0,0.0,0.0,0.0,0.0,0.0,0.0,0.0,0.0,0.0,0.0,0.0,0.0,0.0,0.0,0.0,0.0,0.0,0.0,0.0,0.0,0.0,Oceania,OC,Tuvalu,TUV,798.0,TUV
